Trainer,Starts,Wins,2nds,3rds,Spend,P&L,ROI %
S A Harmey,100,0,0,3,189.54999999999998,-189.54999999999998,-100.0
C Mifsud,100,0,3,6,354.17999999999995,-354.17999999999995,-100.0
M M Riseley,100,0,4,8,648.36,-648.36,-100.0
L P Prothero,100,2,3,9,742.01,-542.0100000000001,-73.04618536138328
P K Tilbrook,100,2,4,4,467.96000000000004,-267.96000000000004,-57.261304384990176
S J Ison,100,3,3,11,593.6999999999999,-293.7,-49.469429004547756
R L Burnett,100,3,5,16,659.28,-359.28,-54.495813614852565
G M Johnson,100,3,7,8,620.7399999999999,-320.73999999999995,-51.67058671907723
M W Johnson,100,3,8,5,642.8399999999999,-342.84000000000003,-53.33208885570283
J J Hutchinson,100,3,8,13,911.6599999999997,-611.6599999999999,-67.0929951955773
J P Quinlan,100,3,9,6,595.4300000000001,-295.43,-49.61624372302369
M G Scott,100,3,9,8,958.1500000000001,-658.1500000000001,-68.68966237019256
N M Johns,100,3,9,13,809.2199999999999,-509.21999999999997,-62.92726329057612
B J Loades,100,3,12,13,615.89,-315.88999999999993,-51.290003084966465
T E Gillespie,100,3,13,15,1011.44,-711.44,-70.33931819979435
T G Dymock,100,4,3,4,625.35,-225.35,-36.03581994083313
D M Padberg,100,4,4,4,392.35,7.650000000000066,1.9497897285587016
M B Kendall,100,4,6,6,818.1999999999999,-418.20000000000005,-51.112197506722076
R J Gordon,100,4,6,11,737.17,-337.17,-45.73843211199588
J R Fagg,100,4,6,14,877.3399999999999,-477.34,-54.40764127932158
A R Delosa,100,4,7,7,698.1899999999999,-298.18999999999994,-42.70900471218436
R A Shinn,100,4,8,12,877.09,-477.0899999999999,-54.394645931432336
S Bigeni,100,4,9,4,760.58,-360.58000000000004,-47.40855662783665
I C Wilson,100,4,9,15,903.4399999999999,-503.44,-55.724785265208546
A M Shanks,100,4,10,12,1108.19,-708.1899999999998,-63.90510652505434
G J Betts,100,5,7,6,496.70000000000005,3.300000000000012,0.6643849406080152
N Kerr,100,5,7,8,1118.0700000000002,-618.07,-55.28008085361381
B J Swan,100,5,7,9,824.6000000000001,-324.59999999999997,-39.364540383216095
C D Parker,100,5,8,11,861.62,-361.62,-41.96977786030965
M B Turnbull,100,5,9,11,896.1499999999999,-396.15,-44.205769123472635
D G Tucker,100,5,9,16,882.97,-382.96999999999997,-43.372934527786896
R C Weidenbach,100,5,10,4,983.8699999999999,-483.8699999999999,-49.18027788224054
B A Lilley,100,5,10,13,1135.2899999999997,-635.2900000000001,-55.958389486386764
G M Howard,100,5,10,14,756.1299999999999,-256.12999999999994,-33.8738047690212
A Xiriha,100,5,12,8,805.2700000000001,-305.27,-37.90902430240788
D J Binskin,100,5,13,8,916.17,-416.1700000000001,-45.424975714114204
D C Hillier,100,5,13,11,1167.8000000000002,-667.8,-57.18444939201917
R P Hutchinson,100,5,13,12,1195.99,-695.99,-58.19363038152493
D P Barbetti,100,5,15,7,1084.6299999999999,-584.63,-53.90133040760444
M J Wright,100,5,16,3,963.4,-463.4,-48.10047747560722
M Laffan,100,6,2,6,553.4499999999999,46.55000000000001,8.410877224681546
G R Smith,100,6,2,8,631.21,-31.209999999999944,-4.9444717289016245
J W Ainsworth,100,6,5,12,920.8699999999999,-320.87,-34.844223397439386
M A Dux,100,6,6,12,927.57,-327.56999999999994,-35.3148549435622
B R Abbott,100,6,7,8,956.39,-356.38999999999993,-37.26408682650382
J S Turnbull,100,6,8,11,1245.0399999999997,-645.04,-51.80877722804087
M J Butler,100,6,9,11,978.05,-378.05,-38.65344307550739
T A Moffat,100,6,9,13,1037.56,-437.55999999999995,-42.17201896757777
"A M Butt, S L Smith",100,6,12,15,1210.1100000000001,-610.1099999999999,-50.417730619530445
T L White,100,6,13,7,1218.8999999999999,-618.9,-50.77528919517598
D S Waite,100,6,13,12,824.3399999999999,-224.33999999999992,-27.214498871824727
P R Williams,100,6,13,12,742.6600000000001,-142.6599999999999,-19.209328629520897
J Breen,100,6,14,9,1175.01,-575.0100000000001,-48.93660479485282
Greg Norman,100,6,15,8,1198.52,-598.52,-49.93825718386009
M S Elder,100,6,17,9,1077.4199999999996,-477.41999999999996,-44.31141059196972
K J Pizzuto,100,6,17,12,1367.34,-767.34,-56.11918030628813
K E Rattray,100,7,3,6,734.01,-34.009999999999906,-4.633451860328865
P J Westbury,100,7,4,7,613.84,86.16000000000003,14.036230939658545
J P Thornton,100,7,5,8,723.6299999999999,-123.63,-17.084697981012397
J R Turner,100,7,5,8,633.0699999999999,66.93000000000009,10.572290583979669
D R Miller,100,7,5,11,922.85,-222.85,-24.14801972151487
J A Livingstone,100,7,5,11,860.39,-160.39,-18.641546275526213
C M Watson,100,7,5,12,1291.0600000000002,-591.0600000000002,-45.78098616640591
M B Towers,100,7,6,11,819.72,-119.71999999999996,-14.604987068755179
K A McDeed,100,7,6,17,1383.51,-683.51,-49.40405201263453
M S Borg,100,7,7,4,714.7299999999999,-14.72999999999991,-2.0609181089362294
P S Kahlefeldt,100,7,7,8,1145.1299999999999,-445.13000000000005,-38.8715691668195
J O'Sullivan,100,7,7,9,989.0,-289.0,-29.221435793731043
P J Costello,100,7,7,13,977.93,-277.93,-28.420234577116975
J T Walker,100,7,8,11,698.4499999999999,1.5500000000000407,0.2219199656382047
S L Suvaljko,100,7,8,20,1051.6299999999999,-351.6299999999999,-33.43666498673487
D G Simmonds,100,7,9,13,1206.58,-506.58,-41.98478343748447
P A Morgan,100,7,9,14,742.47,-42.46999999999996,-5.720096434872785
D P Hewitt,100,7,10,5,1002.15,-302.15,-30.15017711919373
B A Lynn,100,7,10,9,931.3700000000001,-231.36999999999998,-24.841899567304075
G F Dwyer,100,7,10,9,1184.0799999999997,-484.0799999999999,-40.8823728126478
D J McCall,100,7,10,10,948.78,-248.77999999999997,-26.22104175889036
M J Elkins,100,7,10,13,1179.22,-479.2199999999999,-40.638727294313185
G R Coney,100,7,11,9,907.24,-207.24,-22.842908161015828
P R Romero,100,7,12,11,1136.12,-436.12000000000006,-38.38679012780341
M A Xuereb,100,7,12,12,1309.85,-609.8499999999999,-46.55876627094705
"J K Neilson, K Wilson",100,7,13,12,1384.7,-684.6999999999998,-49.44753376182565
D A Murphy,100,7,13,13,1307.6,-607.6,-46.466809421841546
B W Ainsworth,100,7,14,6,1357.31,-657.3100000000001,-48.427404203903315
C J Slater,100,7,14,10,1267.8100000000002,-567.8099999999998,-44.78667939202244
R W Hart,100,7,15,14,1369.9899999999998,-669.9899999999999,-48.90473653092358
N Tardio,100,7,16,13,1243.9800000000002,-543.9799999999999,-43.728998858502536
D J Goulden,100,7,16,16,850.81,-150.81000000000006,-17.725461618927856
D R Young,100,7,17,8,1346.8600000000001,-646.8600000000001,-48.02726341267839
J J McKenzie,100,7,18,10,1051.73,-351.7299999999999,-33.44299392429615
W J Yole,100,8,5,7,804.3900000000001,-4.390000000000006,-0.5457551685127867
G C Pekin,100,8,5,10,823.8999999999999,-23.899999999999928,-2.9008374802767243
M L Russo,100,8,5,10,632.24,167.76000000000002,26.534227508541065
J Stariha,100,8,6,3,910.6099999999999,-110.60999999999996,-12.146802692700494
T J Hodges,100,8,6,12,601.78,198.22000000000003,32.93894778822826
K Warwick,100,8,7,6,1236.6399999999996,-436.64000000000004,-35.30857808254627
L J Hart,100,8,7,9,1063.3999999999999,-263.4,-24.769606921196164
D J Rodger,100,8,7,10,1340.3100000000002,-540.31,-40.312315807537054
J N McMullen,100,8,7,11,1100.3899999999999,-300.38999999999993,-27.29850325793582
T J Munday,100,8,7,20,1199.6400000000003,-399.63999999999993,-33.313327331532776
G P Jones,100,8,8,13,1268.1699999999998,-468.16999999999996,-36.9169748535291
M J Nutley,100,8,9,7,1035.71,-235.70999999999995,-22.758301068832004
L C Jurd,100,8,9,12,940.69,-140.69,-14.956042904676353
L J Weidemann,100,8,10,11,1097.8400000000001,-297.84,-27.129636376885514
C A Godden,100,8,10,16,1362.3999999999999,-562.4,-41.28009395184968
J W Carkeet,100,8,11,6,1014.3200000000002,-214.32,-21.129426610931457
S L Davis,100,8,11,11,983.5399999999998,-183.5399999999999,-18.661162738678645
J A Brimacombe,100,8,11,14,1078.2099999999998,-278.2099999999999,-25.802951187616507
T E Pullicino,100,8,11,16,1145.12,-345.12,-30.1383261142937
I K Bennett,100,8,12,7,1021.3299999999999,-221.33,-21.670762633037317
A R MacDonald,100,8,12,14,1122.75,-322.74999999999994,-28.74638165219327
P L Anderson,100,8,12,15,1224.53,-424.53,-34.66881170734894
M White,100,8,13,6,1057.61,-257.61,-24.357750021274384
M T Hewitt,100,8,13,7,1084.4699999999998,-284.47,-26.23124659972153
D R Lee,100,8,13,11,1283.9399999999998,-483.94000000000005,-37.69179245136067
R K Bartley,100,8,13,11,1352.02,-552.02,-40.8292776734072
D A Micallef,100,8,13,17,1164.57,-364.5699999999999,-31.305116910104154
M P Rue,100,8,14,16,1787.35,-987.3500000000001,-55.24099924469187
A S Turnbull,100,8,14,19,1258.36,-458.35999999999996,-36.42518834037954
C C Reeves,100,8,16,11,1149.22,-349.22,-30.387567219505407
R W Cross,100,8,17,12,1409.1000000000001,-609.0999999999998,-43.22617273436944
K J F Charles,100,9,3,5,663.0399999999998,236.96000000000004,35.73841698841701
S J Lee,100,9,5,7,1014.73,-114.72999999999995,-11.306455904526322
K M Males,100,9,5,12,886.11,13.890000000000045,1.5675254765209787
T C Reay,100,9,6,6,810.63,89.37000000000002,11.024758521150218
A N Varga,100,9,7,7,1112.7399999999998,-212.74,-19.1185721731941
I P Gurney,100,9,8,8,945.61,-45.610000000000056,-4.823341546726458
C S Hynam,100,9,8,13,841.9200000000001,58.07999999999999,6.898517673888254
L E T Wallrodt,100,9,9,6,708.5100000000001,191.49000000000004,27.027141465893212
A P Vozlic,100,9,9,7,1185.2699999999998,-285.27000000000004,-24.067933888481114
G Inwood,100,9,9,7,1330.53,-430.53000000000003,-32.35778223715362
A K Richardson,100,9,9,11,1222.5500000000002,-322.55,-26.383379002903762
S J Cini,100,9,9,11,1341.61,-441.60999999999996,-32.91642131468907
D E Russell,100,9,9,12,1532.4399999999998,-632.44,-41.27013129388427
T R Langley,100,9,9,18,1786.0100000000002,-986.0100000000002,-55.207417651636895
M J Crone,100,9,10,5,1250.5499999999997,-350.54999999999995,-28.031666066930555
A R Bertwistle,100,9,10,8,968.01,-68.00999999999995,-7.025753866179063
T D Williams,100,9,11,5,1114.1399999999999,-214.14,-19.220205719209435
S R Clarke,100,9,11,10,1176.34,-276.3399999999999,-23.49150755733886
C D Goble,100,9,11,14,1354.5099999999998,-454.51000000000005,-33.55530782349337
D M Anforth,100,9,11,15,1169.1899999999998,-269.19,-23.02363174505427
L Watson,100,9,11,18,804.5999999999999,95.40000000000006,11.85682326621925
D M Giles,100,9,12,7,1232.68,-332.67999999999995,-26.988350585715672
Z S Steenhuis,100,9,12,13,1497.2599999999998,-597.2499999999999,-39.889531544287564
K N Prentice,100,9,13,12,1706.6000000000001,-806.6000000000001,-47.26356498300715
J A Douglas,100,9,13,16,1155.6699999999998,-255.66999999999996,-22.123097424005124
P C Bullock,100,9,14,10,1240.3600000000001,-340.36,-27.440420523073943
G H Franklin,100,9,14,11,1360.39,-460.39,-33.84250104749373
P R J Fitzpatrick,100,9,14,12,1404.35,-504.3499999999999,-35.913411898743185
R E Roots Jnr,100,9,14,12,1245.9799999999998,-345.97999999999996,-27.76770092617859
R J Sallis,100,9,14,13,1494.5500000000002,-594.55,-39.78120504499682
N P Hurst,100,9,14,16,1257.5899999999997,-357.59000000000003,-28.434545440087795
P A Keogh,100,9,14,16,1000.6899999999999,-100.68999999999997,-10.062057180545422
T J French,100,9,15,10,1390.5700000000002,-490.57,-35.278339098355346
S M Grima,100,9,15,15,1967.6000000000001,-1067.6000000000001,-54.25899573083961
J N Quinlan,100,9,17,9,1342.85,-442.84999999999997,-32.978366906206944
R J East,100,9,18,17,1388.1899999999998,-488.19000000000005,-35.16737622371578
P G Bull,100,10,5,10,775.9,224.1,28.882587962366284
"E Brosnan, R J Brosnan",100,10,6,6,1245.1499999999999,-245.15,-19.688390956912823
S Steele,100,10,8,7,714.3799999999999,285.61999999999995,39.981522439038045
P J Brown,100,10,8,10,793.72,206.28000000000006,25.989013758000308
L Chiang,100,10,8,11,1219.5600000000002,-219.56000000000003,-18.00321427400046
T M Ison,100,10,8,15,1425.08,-425.08,-29.828500856092287
R J Moore,100,10,9,8,1515.9199999999996,-515.9199999999998,-34.03345822998575
S W Dickson,100,10,9,9,1230.4699999999998,-230.47,-18.730241289913614
A M Conroy,100,10,9,10,1215.8500000000001,-215.84999999999994,-17.753012295924655
A A Herbertson,100,10,9,11,1273.8700000000001,-273.86999999999995,-21.49905406360146
W J Turnbull,100,10,9,11,1142.9299999999998,-142.92999999999995,-12.505577769417197
A A Ainsworth,100,10,9,14,1209.3899999999999,-209.39,-17.31368706538007
B P J James,100,10,10,8,1159.37,-159.36999999999998,-13.74625874397302
L R Edwards,100,10,10,9,1453.82,-453.81999999999994,-31.21569382729636
J H Barker,100,10,10,12,960.5499999999998,39.45000000000008,4.107022018635166
R W Adams,100,10,10,12,1162.5999999999997,-162.6,-13.985893686564598
W T Graham,100,10,10,12,1283.1899999999998,-283.1899999999999,-22.069218120465397
K A Morris,100,10,11,12,1355.39,-355.38999999999993,-26.22049742140638
H C Reeves,100,10,11,13,1217.07,-217.07000000000002,-17.835457286762473
N T Rothwell,100,10,11,15,1358.9000000000003,-358.9,-26.411067775406572
M A Rees,100,10,13,6,1504.72,-504.7199999999999,-33.54245308097187
N M Hargraves,100,10,13,10,1469.25,-469.24999999999994,-31.938063637910496
N A Day,100,10,13,12,1700.54,-700.54,-41.195149775953524
M T Hawke,100,10,14,15,1302.8100000000002,-302.80999999999995,-23.24283663772921
B C Smith,100,10,15,10,1164.7299999999998,-164.72999999999993,-14.143191984408402
R A Graham,100,10,15,17,1188.5499999999997,-188.54999999999998,-15.863867738000087
S R Garraway,100,10,16,15,1440.52,-440.52,-30.580623663677002
G C Hewitt,100,10,18,7,1306.8799999999999,-306.88000000000005,-23.48188050930461
D J Harper,100,11,7,11,1024.1999999999998,75.80000000000003,7.400898262058196
J A Whitaker,100,11,8,6,1094.32,5.6800000000000495,0.5190437897507174
P G Manning,100,11,8,18,1132.71,-32.709999999999994,-2.8877647411958924
J D Justice,100,11,9,11,1049.8799999999999,50.12000000000006,4.773878919495568
C D Voak,100,11,9,15,1723.91,-623.9100000000001,-36.191564524830184
D Aiken,100,11,10,17,1372.0500000000002,-272.0500000000001,-19.827994606610552
C D Brown,100,11,11,18,1465.3400000000004,-365.34,-24.93209767016528
D M Castles,100,11,12,10,1055.6599999999999,44.340000000000025,4.200215978629486
M A Betts,100,11,12,10,1232.4699999999998,-132.4699999999999,-10.748334645062348
A M Alford,100,11,13,11,1458.0499999999997,-358.0500000000001,-24.55677102980009
"R A Hoare, T A Hoare",100,11,13,11,1714.84,-614.84,-35.85407384945535
C B Frisby,100,11,13,12,1716.63,-616.63,-35.92096141859341
"J A Rando, M J Rando",100,11,13,14,1647.96,-547.9599999999998,-33.25080705842374
A C Frisby,100,11,16,6,1593.7,-493.6999999999999,-30.978226767898594
L Inwood,100,11,16,7,1600.15,-500.15,-31.256444708308596
N Carbone,100,11,18,11,1899.8099999999997,-799.81,-42.09947310520526
D R March,100,11,19,16,1267.3099999999997,-167.31,-13.201978994878921
W R Potter,100,12,5,19,1552.1400000000003,-352.13999999999993,-22.687386447098834
M N Clayton,100,12,9,10,1426.27,-226.26999999999992,-15.864457641260065
B P Portelli,100,12,9,11,1569.4799999999998,-369.47999999999996,-23.54155516476795
L A Clement,100,12,10,6,1300.1100000000001,-100.10999999999997,-7.700117682349952
P J Hanson,100,12,10,15,1022.5199999999999,177.4800000000001,17.357117709189072
D W Girardi,100,12,10,21,1130.53,69.47000000000006,6.144905486807078
R J Holberton,100,12,11,8,1446.1399999999999,-246.14,-17.020482110998934
B M Battle,100,12,12,7,1370.14,-170.14000000000004,-12.417709139212054
J K Donovan,100,12,12,9,1210.9899999999998,-10.98999999999996,-0.9075219448550328
D W Graham,100,12,12,11,1555.65,-355.65,-22.861826246263618
I W Smith,100,12,12,13,1432.5699999999997,-232.56999999999996,-16.23445974716768
S T Hewitt,100,12,12,17,1193.06,6.939999999999923,0.5816974837811948
P H Rixon,100,12,13,11,1473.74,-273.74,-18.574511107793775
L B Harper,100,12,14,9,1170.1499999999999,29.85000000000002,2.5509550057684933
M J Day,100,12,14,17,1407.67,-207.67,-14.752747447910375
T E Rattray,100,12,15,8,1400.9399999999998,-200.93999999999994,-14.34322669065056
M L Gadsden,100,12,18,13,1700.4900000000002,-500.49,-29.432104863892167
G A Panella,100,13,6,15,1163.96,136.04000000000002,11.687686862091482
B M Ashcroft,100,13,7,12,1123.97,176.03000000000006,15.661450038702105
"D A McDowell, K L McDowell",100,13,8,12,1559.8,-359.8,-23.067059879471728
K A Towers,100,13,8,12,1366.22,-66.22,-4.84694997877355
S J Zammit,100,13,8,12,1377.24,-77.23999999999994,-5.608318085446251
M A Callaghan,100,13,8,18,1400.1299999999999,-100.12999999999994,-7.1514787912550934
J G Newberry,100,13,9,7,1040.66,259.34000000000015,24.920723387081285
D J Elder,100,13,10,4,943.21,356.7900000000001,37.82720709067971
J A Boserio,100,13,10,6,1332.7299999999998,-32.72999999999998,-2.4558612772279447
D A Brown,100,13,10,9,1513.6100000000001,-213.60999999999996,-14.112618177734024
M R Gillies,100,13,10,13,1248.5700000000002,51.43000000000002,4.11911226443051
A C Duggan,100,13,10,16,1431.4499999999998,-131.45,-9.182996262531
M G Reed,100,13,11,10,1685.35,-385.35,-22.864686860296082
S R Graham,100,13,11,10,1488.1499999999999,-188.14999999999995,-12.643214729697943
D Egerton-Green,100,13,12,9,1717.31,-417.31,-24.300213706319767
L Tabone,100,13,12,9,1318.3899999999999,-18.389999999999954,-1.3948831529365329
C J Harmey,100,13,12,10,1494.5399999999997,-194.53999999999996,-13.016714172922772
A A Stephens,100,13,12,11,1297.6000000000001,2.3999999999999764,0.1849568434032041
B P Fitzpatrick,100,13,12,12,1313.9799999999998,-13.979999999999972,-1.0639431345986983
J W Hetherington,100,13,12,15,1563.8600000000001,-263.85999999999996,-16.872354302814827
W L Milner,100,13,13,12,1240.8,59.20000000000002,4.771115409413283
G J Dawson,100,13,15,20,1573.7399999999998,-273.74000000000007,-17.394232846594743
D J Drury,100,13,19,12,1683.6299999999999,-383.63,-22.7858852598255
R P Butt,100,14,8,16,1328.38,71.61999999999999,5.391529532212167
J B Tormey,100,14,9,12,1590.05,-190.05,-11.952454325335681
J Conolly,100,14,9,15,1787.5300000000002,-387.53000000000003,-21.67963614596678
E J Jones,100,14,10,13,1914.39,-514.38,-26.869133248711073
S P Farrugia,100,14,12,9,1591.55,-191.54999999999998,-12.035437152461437
L E Wilson,100,14,12,10,1512.4199999999996,-112.41999999999999,-7.433120429510322
A J Missen,100,14,12,17,1737.8399999999997,-337.84,-19.440224646687845
D J Lewis,100,14,14,10,1544.6399999999999,-144.63999999999993,-9.363994199295625
B J Howlett,100,14,15,20,2097.43,-697.43,-33.251646062085506
N A Turvey,100,14,16,15,2115.23,-715.23,-33.8133441753379
D M Miles,100,14,19,14,1547.2,-147.20000000000007,-9.513960703205795
J R Rattray,100,14,21,10,1804.69,-404.68999999999994,-22.42434988834647
K J Marshall,100,14,21,11,1792.81,-392.81,-21.91029724287571
P J Greig,100,15,6,12,1281.84,218.16000000000003,17.01928477813144
R J Veivers,100,15,8,10,1488.9399999999998,11.060000000000034,0.7428103214367292
T J Dawson,100,15,10,10,1693.3799999999999,-193.38000000000002,-11.419764022251359
C R Bell,100,15,11,9,1242.06,257.94000000000005,20.76711269986958
K E Rue,100,15,12,22,1837.39,-337.38,-18.361915543243406
N A Turnbull,100,15,13,7,1889.94,-389.9399999999999,-20.632401028604075
L P O'Neill,100,15,13,15,1518.0699999999997,-18.069999999999954,-1.190327191763223
G J White,100,15,14,6,1197.93,302.07000000000005,25.21599759585285
M A Caldow,100,15,15,13,1344.68,155.32,11.550703513103489
M A Laugher,100,15,16,9,1605.32,-105.31999999999996,-6.560685719981062
M J Craven,100,15,16,14,1590.7500000000002,-90.74999999999996,-5.704856199905701
J A Hayman,100,15,17,9,1373.48,126.52000000000011,9.211637592101821
S L Ewen,100,15,18,16,1469.29,30.710000000000075,2.0901251624934543
"S M McNaulty, J M McNaulty",100,16,8,15,2021.1,-421.09999999999997,-20.835188758596804
P A Betts,100,16,11,14,1400.49,199.51000000000005,14.245728280816003
A J Turnbull,100,16,12,8,2204.26,-604.2599999999999,-27.4132815548075
D J D Smith,100,16,14,12,2033.5,-433.49,-21.317432997295306
D C Garrard,100,16,14,15,1964.7700000000002,-364.77,-18.565531843421873
K L Tippet,100,16,14,16,1661.37,-61.36999999999996,-3.693939339220039
S A Grimsey,100,16,15,13,1807.2700000000002,-207.2699999999999,-11.468679278691058
M A Formosa,100,16,19,11,1770.9499999999998,-170.95,-9.653011095739576
J G Painting,100,16,22,13,1934.5199999999998,-334.52,-17.292144821454418
J A Young,100,16,26,14,2397.14,-797.14,-33.253794104641365
M A Lee,100,17,8,7,1932.28,-232.28,-12.0210321485499
A R Ruggari,100,17,9,10,1980.9599999999998,-280.9599999999999,-14.18302237299087
J A Tubbs,100,17,9,10,1806.4199999999998,-106.41999999999993,-5.891210239036323
G F Webster,100,17,10,12,1769.4499999999998,-69.44999999999996,-3.9249484303032
A P Gath,100,17,11,9,2495.53,-795.53,-31.87819821841452
G W Dixon,100,17,13,13,1769.16,-69.1599999999999,-3.9091998462547135
C J Butler,100,17,13,14,1789.7,-89.69999999999999,-5.0120131865675805
I Walsh,100,17,13,14,2012.5800000000002,-312.58,-15.5313080722257
R P Bell,100,17,17,7,1792.59,-92.5899999999999,-5.165152098360467
C D Svanosio,100,17,20,13,1728.0800000000002,-28.07999999999992,-1.6249247720012916
K E Manning,100,18,9,9,1863.17,-63.159999999999975,-3.3899214779113
S M O'Connor,100,18,10,13,1764.12,35.88000000000008,2.0338752465818697
D T Afford,100,18,16,18,1749.19,50.81000000000001,2.90477306639073
J J Alchin,100,18,17,11,2482.1400000000003,-682.14,-27.481930914452846
B I Devcic,100,19,10,12,1914.8799999999999,-14.879999999999944,-0.7770721925133661
A F De Campo,100,19,15,12,2178.1800000000003,-278.18,-12.771212663783524
A M Ashwood,100,19,15,12,2541.14,-641.1399999999999,-25.2304083993798
B A Harpley,100,19,19,11,1518.6899999999998,381.3100000000002,25.107823189722733
J R Grimson,100,20,10,11,2656.37,-656.3699999999999,-24.709283721770685
R J Alchin,100,20,12,10,1785.3399999999997,214.6600000000001,12.023480121433462
B J Hewitt,100,20,14,13,2013.46,-13.449999999999935,-0.6680043308533536
S T Sanderson,100,20,18,11,2263.98,-263.97999999999996,-11.659996996439896
B M Hewitt,100,20,19,17,2733.2900000000004,-733.2899999999998,-26.828108250496648
C R Judd,100,21,9,12,2113.1600000000003,-13.160000000000025,-0.6227640121902754
M G Brennan,100,21,13,13,2936.86,-836.8599999999999,-28.49505934910074
S M Price,100,21,14,8,1796.2,303.80000000000007,16.913484021823855
T J Hutchins,100,21,14,16,2063.8,36.19999999999996,1.7540459346835913
F Taiba,100,22,12,10,1994.8799999999997,205.12000000000006,10.282322746230355
A J Dunn,100,22,15,16,2580.4399999999996,-380.43999999999994,-14.74322208615585
C A Turnbull,100,22,18,11,2580.2400000000002,-380.24,-14.73661364834279
D M Atkinson,100,23,14,14,2307.6500000000005,-7.649999999999931,-0.3315060776114198
R L Hillier,100,23,16,10,2702.8700000000003,-502.87,-18.60503834812625
T J Ryan,100,23,19,11,2019.02,280.9800000000001,13.91665263345584
D J Thorn,100,23,20,13,2407.1099999999997,-107.10999999999989,-4.449734328717836
C T Crook,100,24,12,10,2510.9899999999993,-110.98999999999998,-4.420168937351403
J K Prentice,100,24,14,9,2504.4999999999995,-104.49999999999993,-4.172489518866039
C A Turpin,100,24,15,7,2642.83,-242.83000000000007,-9.18825652804002
D G Weeks,100,24,17,10,2785.44,-385.43000000000006,-13.837311160893792
L C Pitt,100,24,20,12,2586.5899999999997,-186.58999999999995,-7.213744737279583
S K Hill,100,25,7,11,2327.42,172.58000000000004,7.41507763961812
L A McCarthy,100,25,10,15,2866.07,-366.07,-12.77254219192134
"G F J Bond, S A Bond",100,26,14,11,2863.3799999999997,-263.37999999999994,-9.198220285117587
R M Hryhorec,100,26,20,13,3180.0400000000004,-580.0399999999998,-18.240022138086307
"M A Lee, P D Lee",100,27,22,11,2898.8799999999997,-198.88000000000005,-6.8605806380395205
R J Mellsop,100,28,12,10,2533.33,266.67999999999995,10.526855956389415
R W Jack,100,28,14,10,3537.1,-737.1,-20.839105481891945
M D Young,100,29,12,8,3160.27,-260.2700000000001,-8.235688722799004
G E Hall Snr,100,31,12,15,3938.8500000000004,-838.83,-21.29631745306371
M I Stanley,100,32,12,17,3133.8799999999997,66.12000000000008,2.1098446653988057
E J Stewart,100,48,11,13,5226.379999999999,-426.3800000000001,-8.15822806608016
