Driver,Starts,Wins,2nds,3rds,Spend,P&L,ROI %
Ryan Sanderson,100,31,12,9,3228.31,-128.31000000000003,-3.9745253708596766
Rohan Hillier,100,30,20,13,3393.8500000000004,-493.85,-14.551320771395318
Brad Hewitt,100,29,12,14,2943.3300000000004,-43.33,-1.4721420975561692
Jason Lee,100,27,15,11,3256.73,-556.7300000000001,-17.094754554415015
Wayne Hill,100,26,26,17,3680.5299999999997,-1080.53,-29.358000070642
Kevin Weidenbach,100,25,19,9,2434.53,65.47000000000004,2.689225435710385
Allan McDonough,86,25,8,12,2914.24,-414.23999999999995,-14.214340617107718
Amanda Turnbull,100,25,8,4,2554.6000000000004,-54.59999999999991,-2.1373209112972638
Deni Roberts,100,24,28,10,3194.4900000000002,-794.49,-24.870636627442877
Samantha Hill,100,24,18,16,2330.9200000000005,69.07999999999991,2.9636366756473795
Taylor Youl,100,24,14,8,1893.8000000000002,506.2,26.72932727848769
Damian Wilson,100,24,12,15,2041.9000000000003,358.09999999999997,17.537587541015718
James Rattray,100,24,12,12,2232.88,167.12,7.484504317294256
Ryan Hryhorec,100,23,16,19,3010.47,-710.4699999999998,-23.59996943998777
Glen Craven,100,23,14,13,2907.31,-607.3100000000002,-20.88906927709808
James Herbertson,100,22,25,9,3361.21,-1161.21,-34.54738025889486
Jett Turnbull,100,22,20,7,3003.7900000000004,-803.7900000000001,-26.759194217971295
Bailey McDonough,100,22,15,9,2370.49,-170.4899999999999,-7.192183894469071
Danielle Hill,100,22,14,25,3279.48,-1079.48,-32.91619403076098
Mark Pitt,100,21,20,14,3640.1499999999996,-1540.15,-42.31006963998737
Nathan Dawson,100,21,17,16,2731.7200000000003,-631.7199999999999,-23.12535691798573
David Drury,98,21,17,15,2558.83,-458.83,-17.93124201295123
Bernadette Page,100,21,16,11,2220.21,-120.20999999999994,-5.4143526963665565
Liam Elliott,100,21,15,9,2553.42,-453.42,-17.7573607162159
Aiden De Campo,100,20,25,13,2999.3399999999997,-999.34,-33.31866343928998
Jackie Barker,100,20,17,12,2150.02,-150.01999999999992,-6.9776095106092
Kate Gath,100,20,17,12,2813.37,-813.37,-28.91087912361332
Layne Dwyer,100,20,17,11,2679.87,-679.87,-25.369514192852638
Chloe Formosa,100,20,16,10,2084.15,-84.15,-4.037617254036418
Bernie Hewitt,100,20,15,8,2414.3999999999996,-414.4,-17.163684559310806
Tasmyn Potter,100,20,14,20,1987.52,12.479999999999997,0.6279182096280791
Chris Svanosio,100,19,22,21,2252.81,-352.81,-15.660885738255779
Aaron Dunn,100,19,19,14,2877.77,-977.7699999999999,-33.97665553536245
Abbey Vidovich,100,19,16,13,2274.19,-374.18999999999994,-16.45377035340055
Pete McMullen,100,19,15,15,2884.4400000000005,-984.4400000000002,-34.129328396499844
Abbey Turnbull,98,19,10,17,2605.58,-705.5800000000002,-27.079575372853654
Gareth Rattray,100,19,9,16,2186.6500000000005,-286.65,-13.109093819312642
Lochie Cook,100,18,23,11,2306.81,-506.81,-21.970166593694323
Chris Lang,90,18,23,8,2838.0200000000004,-1038.02,-36.57549982029724
Emily Suvaljko,100,18,22,12,2821.7700000000004,-1021.7700000000001,-36.21025101266226
Peter McRae,100,18,20,13,2285.37,-485.3699999999999,-21.23813649430945
Robert Morris,100,18,20,9,2294.01,-494.00999999999993,-21.53477970889403
Mark Yole,100,18,17,12,2461.7400000000002,-661.74,-26.880986619220547
Blake Fitzpatrick,100,18,16,6,1984.6999999999998,-184.69999999999982,-9.30619237164306
Alex Ashwood,100,18,15,21,2868.4899999999993,-1068.49,-37.249214743645624
Joseph Suvaljko,100,18,15,15,1900.46,-100.45999999999992,-5.2860886311735005
Adam Sanderson,100,18,14,12,1948.31,-148.30999999999995,-7.612238298833346
Corey Peterson,100,18,13,20,1967.1,-167.10000000000002,-8.49473844746073
Cameron Hart,100,18,12,16,3117.02,-1317.0199999999998,-42.25253607612398
John O'Shea,100,18,11,13,1917.6899999999998,-117.69000000000005,-6.137071163743882
Jack Laugher,100,18,6,9,1998.0100000000002,-198.01,-9.91036080900496
Rebecca Bartley,100,17,28,9,2302.27,-602.2700000000001,-26.159833555577762
Lisa Ryan,100,17,20,15,2166.67,-466.67,-21.538582248335004
Mat Rue,100,17,19,12,2159.76,-459.75999999999993,-21.287550468570576
Kelli Dawson,100,17,15,9,1723.55,-23.54999999999999,-1.3663659307823963
Justin Reynolds,100,17,14,10,1590.88,109.12000000000005,6.859096852056726
Conor Crook,100,17,9,11,2426.8,-726.8,-29.948903906378767
Grant Dixon,100,16,24,20,2920.120000000001,-1320.1200000000001,-45.207731189129206
Gary Hall Jnr,100,16,20,8,2840.8500000000004,-1240.8500000000001,-43.67882851963321
Jocelyn Young,100,16,19,15,2436.04,-836.04,-34.31963350355495
Luke McCarthy,100,16,18,21,3111.76,-1511.76,-48.58215286525952
Gavin Fitzpatrick,100,16,17,19,2528.9300000000003,-928.9300000000001,-36.73213572538583
Chris Voak,100,16,17,12,2101.3799999999997,-501.38000000000005,-23.85955895649526
Laura Wilson,93,16,16,11,2091.65,-491.6500000000001,-23.505366576626113
Liam Older,100,16,15,9,1796.8100000000002,-196.81,-10.953300571568501
Ashleigh Delosa,100,16,14,13,2270.84,-670.84,-29.541491254337604
Emma Turnbull,100,16,13,11,1415.52,184.4800000000001,13.032666440601343
Kerryn Manning,100,16,12,15,2105.48,-505.48,-24.007827193799038
Michael Stanley,100,16,11,15,2432.16,-832.1599999999999,-34.21485428590224
Blake Jones,100,16,11,13,2259.5899999999997,-659.5899999999999,-29.190693886944093
Todd Rattray,100,15,23,14,2313.3199999999997,-813.3199999999998,-35.158127712551654
Maddison Brown,100,15,21,23,1971.2399999999998,-471.24000000000007,-23.90576489925124
Matthew Craven,100,15,20,11,2382.17,-882.17,-37.03220173203424
Chris Alford,100,15,17,15,2221.8,-721.7999999999998,-32.48717256278692
Donna Castles,95,15,17,10,1780.35,-280.3500000000001,-15.746903698710932
Jayson Finnis,100,15,15,16,2881.8199999999997,-1381.82,-47.94955965327467
Angela Chapman,77,15,15,15,1375.26,124.74,9.070284891584137
Ricky Duggan,98,15,14,10,1477.47,22.529999999999994,1.5249040589656637
Bruce Harpley,100,15,14,9,1788.3499999999997,-288.35,-16.123801269326478
Robbie Williams,58,15,13,8,1629.01,-129.01,-7.919533950067832
Joshua Gallagher,100,15,12,9,2177.0699999999997,-677.0699999999999,-31.10005649795367
Corey Johnson,100,15,10,15,1825.8899999999999,-325.8900000000001,-17.84828220758097
Jack Callaghan,100,15,10,11,1760.58,-260.58,-14.800804280407592
Trent Dawson,100,15,7,9,1971.8700000000001,-471.8700000000002,-23.930076526343022
Abby Sanderson,100,15,5,11,1819.6499999999999,-319.65,-17.566564998763496
Zara Fitzpatrick,100,14,18,15,1974.33,-574.3299999999999,-29.089868461705993
Jordan Chibnall,100,14,18,13,2443.2200000000003,-1043.22,-42.69856992002357
Connor Clarke,100,14,18,9,1749.1999999999996,-349.1999999999999,-19.963411845415045
Neil McCallum,100,14,17,8,1424.73,-24.72999999999998,-1.7357674787503583
Michael Bellman,100,14,13,13,1821.5300000000002,-421.53,-23.14153486354877
Stuart McDonald,100,14,13,13,2027.0,-627.0,-30.932412432165762
Jordan Leedham,100,14,12,8,1927.48,-527.48,-27.36630211467823
Chris Lewis,100,13,20,21,2055.1699999999996,-755.1699999999998,-36.74489215004112
Trista Dixon,100,13,18,19,2124.2299999999996,-824.2299999999998,-38.80135390235521
Jackson Painting,100,13,16,16,2228.5699999999997,-928.57,-41.66662927348031
Olivia Frisby,100,13,16,14,1526.6999999999998,-226.69999999999993,-14.84902076373878
Lisa Lewis,84,13,16,10,1731.18,-431.1799999999999,-24.90671102947122
Ellen Tormey,100,13,15,16,1725.71,-425.7100000000001,-24.668687091110332
Jye Coney,100,13,15,11,1835.9299999999998,-535.9300000000001,-29.191200100221693
Blake Hughes,100,13,15,9,1855.8999999999999,-555.9,-29.953122474271243
Tiana McMahon,100,13,14,14,1418.6499999999999,-118.64999999999992,-8.363585098509141
Ewa Justice,100,13,12,17,2017.9099999999999,-717.9100000000003,-35.57690878185847
Matt Elkins,100,13,12,16,2361.5899999999997,-1061.5899999999997,-44.95234143098505
Anne-Maree Conroy,59,13,12,9,1071.84,228.16000000000003,21.286759217793705
John Caldow,100,13,8,14,1623.98,-323.97999999999996,-19.949753075776794
Jonah Hutchinson,100,13,8,8,1635.4199999999998,-335.4199999999999,-20.509716158540307
David McKenzie,75,12,20,6,1375.1,-175.10000000000008,-12.733619373136506
Will Rixon,100,12,15,19,2559.33,-1359.3299999999995,-53.11272872197018
Trent Wheeler,100,12,14,16,1699.6799999999998,-499.67999999999995,-29.398475007060153
Shane Graham,100,12,14,11,1994.38,-794.38,-39.83092489896609
Ryan Backhouse,100,12,14,10,1902.45,-702.4499999999998,-36.923440826302915
Michael A Smith,100,12,13,14,1695.42,-495.41999999999996,-29.221077962982623
Mathew Neilson,100,12,12,16,1644.79,-444.78999999999996,-27.04235799098973
Jemma Coney,100,12,10,8,1642.59,-442.59,-26.944642302704874
Rickie Alchin,94,12,7,15,2674.76,-1474.76,-55.13616174909151
Michael Munro,53,12,7,7,772.1000000000001,427.9000000000001,55.420282346846264
Brad Elder,100,12,6,12,1807.9899999999998,-607.9900000000001,-33.62795148203254
Luke Dunne,100,11,20,15,2263.0099999999998,-1163.0099999999998,-51.392172372194544
Jason Kittel,100,11,20,13,1684.3999999999999,-584.4000000000001,-34.69484682973166
Nathan Jack,100,11,19,12,2292.5,-1192.5,-52.0174482006543
Lindsay Harper,100,11,18,12,1472.2100000000003,-372.2099999999999,-25.282398570856053
David Miles,100,11,16,19,1688.6699999999998,-588.67,-34.859978563011126
Brodie Davis,100,11,16,7,1549.3899999999996,-449.38999999999993,-29.004317828306625
Tayla French,100,11,14,18,2233.38,-1133.38,-50.74729781765755
Seaton Grima,100,11,14,10,2319.9,-1219.9,-52.5841631104789
Lleyton Green,100,11,11,16,2193.38,-1093.3799999999999,-49.849091356718844
Leigh Sutton,100,11,11,12,2205.9300000000003,-1105.9299999999998,-50.13441043006803
Shannon Suvaljko,100,11,10,19,1919.3300000000002,-819.3299999999999,-42.68833394986792
Dylan Ford,100,11,10,17,2089.07,-989.0699999999999,-47.34499083324158
Darren Billinger,63,11,9,9,1415.28,-315.28,-22.27686394211746
Mark Phillips,41,11,9,5,1173.2299999999998,-73.22999999999999,-6.241742880765068
Madeliene Young,100,11,8,30,1930.0499999999997,-830.0500000000002,-43.00665785860471
Ajay Markham,60,11,8,8,1218.9,-118.9,-9.754696857822626
Emmett Brosnan,67,11,5,13,1238.6499999999996,-138.64999999999998,-11.193638235175394
Charlie Castles,100,10,22,13,2250.6299999999997,-1350.6299999999999,-60.01119686487784
Kayleb Williams,98,10,18,10,1386.88,-386.87999999999994,-27.895708352561137
Dylan Egerton-Green,100,10,17,16,2030.8999999999999,-1030.8999999999999,-50.76074646708355
Caitlin McElhinney,100,10,17,6,1351.2499999999998,-351.25,-25.994449583718783
Harrison Ross,100,10,16,9,1663.76,-663.76,-39.895177189017645
Gary Pekin,100,10,15,18,1279.73,-279.73,-21.858517030936213
Jodi Quinlan,100,10,15,16,1633.21,-633.21,-38.77088678124675
Scott Ewen,100,10,15,12,1488.1899999999998,-488.19,-32.80427902351178
Tom Ison,100,10,14,16,2210.87,-1210.8700000000001,-54.76893711525328
Jacob Duggan,100,10,12,16,1337.84,-337.84,-25.252646056329603
Alanah Richardson,100,10,12,10,1828.4199999999998,-828.42,-45.30797081633323
Dan Morgan,99,10,11,20,918.5299999999999,81.47000000000007,8.869606871849594
Toby Lynn,82,10,11,12,1526.99,-526.99,-34.511686389563785
Shane Hallcroft,93,10,10,19,1235.71,-235.70999999999998,-19.074863843458413
Anthony Varga,100,10,10,10,1096.41,-96.40999999999997,-8.793243403471324
Nathan Hurst,100,10,9,16,1392.4099999999996,-392.41,-28.182072809014596
Glenn Bull,100,10,8,14,1012.33,-12.329999999999984,-1.2179822785060193
Glenn Douglas,63,10,8,7,1214.1299999999997,-214.13,-17.636496915486813
Dale Afford,53,10,7,9,994.2400000000001,5.760000000000007,0.5793369810106218
Roger Strong,51,10,4,7,478.56,521.4399999999999,108.96021397525911
Mark Hewitt,100,9,26,7,1617.06,-717.0600000000001,-44.343438091350976
Kyle Symington,100,9,21,18,1926.29,-1026.29,-53.27806301231902
Codi Rauchenberger,100,9,18,12,1532.8500000000001,-632.8499999999999,-41.2858401017712
Juanita Breen,62,9,15,12,1011.0799999999999,-111.08000000000001,-10.986272105075763
Paige Bevan,100,9,15,10,1506.8899999999999,-606.89,-40.27433986555091
George Lee,70,9,15,6,1180.6100000000004,-280.61,-23.768221512607884
Callan Suvaljko,100,9,14,14,1292.22,-392.2200000000001,-30.352416771138046
Nathan Turnbull,100,9,14,11,1745.1799999999998,-845.1800000000001,-48.42938837254611
Michael Formosa,100,9,14,8,1363.49,-463.49000000000007,-33.99291523956905
Blake Micallef,100,9,13,18,1719.4899999999998,-819.4899999999998,-47.65889885954556
Chris Playle,100,9,13,17,1090.3400000000001,-190.33999999999997,-17.456940037052657
Mitchell Miller,100,9,13,12,1868.9199999999998,-968.9199999999998,-51.84384564347323
Phoebe Betts,100,9,13,11,1557.3899999999999,-657.39,-42.21100687689018
Tom Callaghan,100,9,13,9,2421.7999999999997,-1521.8,-62.83755884053184
Brendan Barnes,100,9,12,14,1685.35,-785.3499999999998,-46.598629364820354
Nathan Turvey,77,9,12,11,1484.65,-584.65,-39.37965176977738
Jason Turnbull,100,9,11,13,1286.2599999999998,-386.26000000000005,-30.02969850574535
Vaughan Duncan,87,9,10,10,1624.4499999999998,-724.45,-44.5966327064545
Travis Bullock,100,9,9,15,1343.6699999999998,-443.67,-33.01926812386971
Jake Bigeni,88,9,8,10,968.9199999999998,-68.91999999999997,-7.113074350823596
Dannielle McMullen,100,9,7,14,1268.93,-368.92999999999995,-29.074101802305876
Katie Wilson,57,9,7,10,971.0399999999998,-71.03999999999999,-7.315867523479981
Malcom Jones,79,9,7,8,1040.76,-140.75999999999993,-13.524731926668968
Melissa Hawke,61,9,7,4,588.1799999999998,311.82000000000005,53.01438335203511
Mitch Cox,42,9,3,4,579.0899999999999,320.9100000000001,55.41625654043415
Jack Chapple,100,8,24,14,1796.99,-996.99,-55.48111007852019
David Smith,100,8,23,18,1623.0000000000002,-822.9999999999999,-50.70856438693776
Gaita Pullicino,100,8,14,14,1866.3500000000004,-1066.3500000000001,-57.1355855011118
Isobel Ross,100,8,14,10,1631.25,-831.2500000000001,-50.957854406130274
Lauren Harper,100,8,14,10,1309.5799999999997,-509.58000000000004,-38.91171215198767
Shane Steele,84,8,14,10,753.77,46.23000000000004,6.133170595805091
Grace Panella,100,8,13,12,1936.5700000000002,-1136.5700000000002,-58.689848546657245
Tiarna Ford,94,8,13,12,1575.63,-775.6300000000001,-49.226658542932036
Mikayla Towers,55,8,13,4,647.3,152.7,23.590298161594315
Nathan Rothwell,100,8,12,11,1800.8599999999997,-1000.86,-55.57677998289707
Daryl Douglas,89,8,12,4,1235.6999999999998,-435.7,-35.259367160314
Sean O'Sullivan,100,8,9,12,1347.11,-547.1099999999999,-40.613609875956676
Ryan Warwick,100,8,9,10,1616.8700000000001,-816.8699999999999,-50.52168696308298
Tom Gilligan,47,8,9,7,1140.26,-340.26,-29.840562678687316
Narissa Elkins,100,8,8,17,1646.06,-846.06,-51.3990984532763
Chris Geary,100,8,8,8,1291.8799999999999,-491.87999999999994,-38.074743784252405
Hannah Van dongen,100,8,6,12,917.23,-117.23000000000002,-12.780872845415
John Justice,55,8,5,7,992.6299999999999,-192.63,-19.406022384977284
Ross Graham,68,8,3,7,743.42,56.58000000000003,7.610771838261014
Kyle Marshall,35,8,3,5,810.4000000000001,-10.399999999999977,-1.2833168805528106
Dean Girardi,100,7,19,11,1404.0600000000002,-704.0599999999998,-50.1445807159238
James Locke,100,7,15,8,1907.63,-1207.6299999999999,-63.30525311512189
Darren McCall,89,7,13,15,1115.7099999999998,-415.71,-37.25968217547571
Neil Day,58,7,13,7,1188.74,-488.73999999999995,-41.114120833824046
Ben Battle,89,7,12,7,1551.4099999999999,-851.4100000000001,-54.87975454586474
Michael Jnr Day,92,7,12,6,1193.1499999999999,-493.15,-41.33176884716926
Declan Murphy,100,7,11,11,1321.9299999999998,-621.93,-47.047120498059655
Gary Bond,78,7,11,9,1460.7299999999998,-760.73,-52.07875514297646
Leonard Cain,100,7,9,11,1648.98,-948.9799999999999,-57.54951545804072
Brian Portelli,100,7,9,10,1338.7,-638.6999999999999,-47.71046537685814
Heath Woods,39,7,9,6,956.9799999999999,-256.97999999999996,-26.85322577274342
Tristan Larsen,55,7,8,7,854.24,-154.23999999999998,-18.055815695823185
Stephanie Morris,81,7,7,13,954.7699999999999,-254.76999999999998,-26.683913403228004
Josh Duggan,100,7,7,10,1382.53,-682.5300000000001,-49.3681873087745
Scott Hewitt,95,7,6,12,1358.78,-658.7800000000001,-48.48319816305804
Bryse McElhinney,89,7,6,8,1109.68,-409.68,-36.918751351741044
David Barbetti,85,7,6,7,748.56,-48.55999999999998,-6.487121940792988
Jordan Topping,100,7,5,14,1465.4599999999998,-765.4599999999999,-52.23342841155678
Ella Turnbull,46,7,5,5,701.9200000000001,-1.9199999999999484,-0.2735354456348228
Jason Grimson,38,7,5,3,936.9600000000002,-236.95999999999998,-25.29030054644808
Stephen Boyington,52,7,4,11,865.9799999999999,-165.98000000000002,-19.166724404720668
Zac Chappenden,100,7,4,9,1112.76,-412.76,-37.093353463460225
Ben Xiriha,55,7,2,6,770.1099999999998,-70.10999999999997,-9.103894248873537
Taylor Ford,44,7,2,3,462.2800000000001,237.71999999999997,51.423379769836444
Taleah McMullen,100,6,19,15,2023.0199999999998,-1423.02,-70.34137082184063
Anthony Frisby,100,6,16,12,1703.4399999999998,-1103.4399999999998,-64.77715681209787
Leilani Justice,100,6,14,13,1533.5199999999998,-933.52,-60.87432834263655
Rodney Ashwood,47,6,12,5,813.2100000000002,-213.20999999999995,-26.21831999114619
Ross Payne,77,6,11,12,1280.9,-680.9,-53.15793582637207
Blake Medlyn,77,6,10,15,988.64,-388.64,-39.310568053083024
Glenn McElhinney,100,6,10,10,1387.6799999999998,-787.68,-56.762365963334496
Aaron Suvaljko,100,6,9,10,1238.46,-638.4599999999999,-51.55273484811782
Cody Wallrodt,100,6,9,9,1210.45,-610.45,-50.431657647982156
Adrian Pace,45,6,7,7,1159.8500000000001,-559.8500000000001,-48.269172737854035
Dean Miller,100,6,6,19,1456.1799999999998,-856.1799999999998,-58.79630265489156
Molly Ison,65,6,6,7,898.0999999999999,-298.09999999999997,-33.19229484467209
Sofia Arvidsson,47,6,5,8,1011.97,-411.97,-40.70970483314723
Hannah Lewis,45,6,5,6,971.6299999999999,-371.63000000000005,-38.24809855603471
Paula Sapio,39,6,5,4,535.35,64.64999999999998,12.076211824040342
Andrew Millard,50,6,4,9,626.7199999999999,-26.719999999999928,-4.263466938983905
Hannah Parish,46,6,4,9,735.8000000000001,-135.79999999999998,-18.456102201685237
Tamara Battle,45,6,4,6,883.3100000000001,-283.30999999999995,-32.07367741789405
Ky Bloomfield,42,6,4,3,667.72,-67.72000000000003,-10.141975678428087
Mick Sullivan,21,6,4,2,314.18999999999994,285.81,90.9672491167765
Greg Bennett,59,6,3,8,804.8700000000002,-204.86999999999998,-25.453799992545367
Nigel Johns,47,6,3,6,606.2400000000001,-6.239999999999995,-1.0292953285827384
Ethan Arnott,19,6,0,2,575.86,24.139999999999993,4.191991108950091
Kylah Madden,73,5,19,7,1502.23,-1002.2299999999998,-66.71614865899362
John Newberry,82,5,19,6,1033.04,-533.04,-51.59916363354758
Damon Watson,100,5,15,5,1131.5499999999997,-631.5500000000001,-55.81282311873096
Jim Douglass,100,5,13,14,1319.54,-819.5400000000001,-62.108007335889795
Jason Hewitt,92,5,13,13,1808.2399999999998,-1308.2399999999998,-72.34880325620493
Dean Cernovskis,72,5,13,8,1242.54,-742.54,-59.759846765496484
Brent Murphy,100,5,12,12,1212.85,-712.8500000000001,-58.774786659520984
Reagan Clarke,56,5,11,8,814.4300000000001,-314.42999999999995,-38.60736957135665
Mitch Turnbull,100,5,10,12,1169.1699999999998,-669.1700000000001,-57.23461943087833
Anthony Robinson,51,5,10,11,1286.02,-786.0200000000001,-61.120355826503484
Kylie Sugars,47,5,8,6,961.59,-461.59,-48.00278705061408
Lola Weidemann,100,5,7,13,1056.02,-556.02,-52.652411886138516
Luke Watson,76,5,7,10,988.38,-488.37999999999994,-49.41216940852708
Harry O'Neill,59,5,7,6,760.39,-260.39,-34.24426938807717
Dean Chapple,63,5,6,9,1084.95,-584.95,-53.914926955159224
Tim Gillespie,45,5,6,4,425.00000000000006,75.00000000000003,17.647058823529417
Brett Shipway,57,5,5,8,569.1,-69.10000000000002,-12.141978562642773
Darren Pace,37,5,5,4,649.5,-149.5,-23.017705927636644
Damien Burns,35,5,5,2,640.29,-140.28999999999996,-21.91038435708819
Garry Johnson,83,5,4,7,416.53000000000003,83.47000000000001,20.039372914315898
Bob Kuchenmeister,35,5,4,5,429.65999999999997,70.34,16.3710841130196
Michelle Wight,56,5,3,7,585.0699999999999,-85.07000000000002,-14.54014049600903
Nathan Hoy,57,5,3,7,403.51,96.49,23.912666352754577
Cameron Fitzpatrick,39,5,3,5,583.2000000000002,-83.19999999999997,-14.266117969821664
Dale Larpent,42,5,3,5,637.69,-137.69000000000003,-21.59199611096301
Ros Rolfe,43,5,3,5,448.25,51.75000000000002,11.544896820970445
Vance Stampalia,27,5,3,5,573.9800000000001,-73.98,-12.888950834523849
Eddie Tappe,27,5,3,3,331.76000000000005,168.24,50.71135760790932
David Hewitt,18,5,1,3,402.65000000000003,97.34999999999998,24.177325220414744
Christopher Shinn,85,4,24,11,1193.1999999999998,-793.1999999999998,-66.47670130740865
Adam Richardson,100,4,15,12,1314.08,-914.0799999999999,-69.56045294046025
Kyle Harper,100,4,14,12,1332.72,-932.7199999999999,-69.98619364907856
Angus Garrard,100,4,11,18,1595.4299999999998,-1195.4299999999998,-74.92838921168587
Bronte Miller,62,4,11,8,754.01,-354.01,-46.95030569886341
Taylah Osmond,100,4,10,16,1462.0300000000002,-1062.0300000000002,-72.64078028494629
Brent Howard,60,4,9,11,845.1600000000001,-445.16,-52.67168346821903
Monique Burnett,96,4,9,10,1168.21,-768.21,-65.75958089727018
Cameron Maggs,82,4,9,6,1192.8600000000001,-792.86,-66.46714618647619
Robert Young,28,4,9,4,496.66,-96.65999999999997,-19.462006201425517
Amy Day,45,4,8,10,952.44,-552.44,-58.00260383856202
Lachlan Kennelly,59,4,8,8,960.9499999999999,-560.9499999999999,-58.374525209428164
KerryAnn Morris,72,4,8,6,823.61,-423.61,-51.43332402472044
Will Rothwell,58,4,8,5,1055.5000000000002,-655.5,-62.10326859308384
Michael Norman,30,4,8,2,542.48,-142.48000000000002,-26.264562748857102
Jack Stockton,44,4,7,9,775.67,-375.67,-48.431678419946635
Tony Pullicino,75,4,7,4,913.0399999999998,-513.0400000000001,-56.19030929641639
Stephen Dowton,43,4,7,3,310.07,89.93000000000005,29.003128325861923
Nicholas O'Connor,23,4,7,0,417.38999999999993,-17.39,-4.166367186564125
Lucas Rando,68,4,6,11,715.9599999999999,-315.96,-44.130957036705965
Ashley Ainsworth,53,4,6,4,571.3100000000002,-171.31,-29.985471985436966
John Meade,29,4,5,6,345.06000000000006,54.94000000000001,15.921868660522808
Sarah Rushbrook,61,4,5,5,522.95,-122.94999999999995,-23.510851897886976
Colin McDowell,37,4,5,2,572.16,-172.15999999999997,-30.08948545861297
Dayl March,74,4,4,13,891.15,-491.15000000000003,-55.114178308926675
Klayton Bigeni,60,4,4,7,579.6999999999999,-179.69999999999996,-30.998792478868374
Sam Ison,55,4,4,4,443.9100000000001,-43.910000000000004,-9.891644702755062
Lauren White,28,4,4,3,306.81,93.19,30.37384700629054
Madi Young,20,4,4,2,347.02,52.98000000000003,15.267131577430707
Brooke McPherson,13,4,4,1,385.72,14.279999999999994,3.7021673752981417
Geoffrey Dorn,16,4,4,1,202.35999999999999,197.64000000000001,97.66752322593399
Paul Cavallaro,20,4,4,1,426.24000000000007,-26.239999999999988,-6.156156156156152
Matthew Harding,28,4,3,3,413.18,-13.179999999999978,-3.1898930248317874
Jake Davis,49,4,3,2,721.2299999999999,-321.23,-44.53918999486988
Edd Bailey,37,4,2,4,432.25999999999993,-32.259999999999984,-7.4631009114884534
Jai Meikle,22,4,1,2,375.02,24.980000000000025,6.660978081169011
Hayden Charles,100,3,14,9,1260.0599999999997,-960.06,-76.191609923337
Tina Ridis,45,3,13,7,695.2299999999999,-395.2300000000001,-56.8488126231607
Rodney Petroff,61,3,11,8,852.7300000000001,-552.7300000000001,-64.81887584581287
Ashleigh Markham,63,3,11,6,939.8499999999999,-639.85,-68.0800127679949
Sebastian Piltz,60,3,9,4,724.87,-424.87,-58.613268586091294
Paul Williams,67,3,8,14,632.6099999999999,-332.61000000000007,-52.57741736614978
Peter Greig,36,3,8,7,512.7300000000001,-212.73000000000002,-41.489672927271656
Mark Norman,24,3,8,4,548.12,-248.12,-45.267459680361966
Cooper Griffiths,65,3,7,9,852.4499999999999,-552.4499999999999,-64.8073200774239
Nathan Cahir,52,3,7,5,680.8999999999999,-380.9,-55.94066676457631
Blake Pace,42,3,7,3,577.1899999999999,-277.19,-48.02404754067119
Jorja Daskalovski,41,3,7,3,800.29,-500.29,-62.51358882405129
Stacey Towers,25,3,7,1,517.56,-217.56,-42.03570600510086
Greg Rogers,54,3,6,12,543.76,-243.75999999999996,-44.82860085331764
Jack Watson,42,3,6,8,616.0699999999999,-316.07000000000005,-51.304234908370816
Rory Coverdale,44,3,6,7,525.5600000000001,-225.55999999999997,-42.91803029149858
Amy Diebert,43,3,6,6,518.8199999999999,-218.82000000000005,-42.17647739100268
Angela Hurst,32,3,6,6,287.49,12.510000000000002,4.351455702807055
Jake Hughes,88,3,5,11,940.7399999999999,-640.74,-68.11021111040245
Clint Sneddon,67,3,5,6,651.1999999999999,-351.2,-53.93120393120393
Luke Sutherland,32,3,5,4,551.14,-251.14,-45.56736945240773
Corey Bell,52,3,5,3,818.32,-518.32,-63.33952488024245
Matthew Atkinson,32,3,4,3,409.84999999999997,-109.85,-26.802488715383678
Scott Torney,34,3,4,2,304.26,-4.259999999999984,-1.400118319858011
Connor Ronan,37,3,3,3,569.76,-269.75999999999993,-47.346251053074965
Scott Forby,38,3,3,3,281.0,19.0,6.761565836298933
Garry Butler,15,3,3,2,271.29,28.71,10.582771204246377
Molly Turton,12,3,3,2,254.92999999999998,45.069999999999986,17.679362962381827
Nathan Townsend,30,3,3,2,510.08,-210.07999999999998,-41.18569636135508
Gary Whitaker,43,3,3,0,472.45000000000005,-172.45000000000002,-36.501217060006354
Stephen Maguire,29,3,2,11,628.86,-328.86,-52.29462837515504
John McCarthy,24,3,2,6,457.63,-157.63,-34.44485719904726
Darryl Lawlor,14,3,2,4,300.6,-0.5999999999999908,-0.1996007984031905
Todd Mumford,27,3,2,3,283.2,16.799999999999997,5.932203389830508
Jeremy Quinlan,31,3,2,2,223.82999999999998,76.17000000000002,34.030290845731145
Katrina Cain,14,3,2,1,182.37000000000003,117.63000000000002,64.50074025333114
Ellen Jones,18,3,2,0,201.45999999999998,98.54,48.91293557033655
Tom Pay,31,3,1,3,396.0,-96.00000000000001,-24.242424242424246
Dallas Wilkins,25,3,1,2,151.57,148.42999999999998,97.92834993732268
Jack Barton,7,3,1,0,275.25000000000006,24.750000000000007,8.99182561307902
Jake Bates,17,3,0,0,206.01,93.98999999999998,45.623998835008
Paul Warnock,13,3,0,0,78.49,221.51,282.21429481462604
Donald Harper,100,2,21,10,1381.0600000000002,-1181.0600000000002,-85.51836994772131
Jason Ainsworth,72,2,12,6,1010.59,-810.59,-80.20958054205958
Kathy Watson,45,2,9,10,552.81,-352.81000000000006,-63.8212043921058
Rodney Atkins,64,2,8,8,861.42,-661.42,-76.78252188247312
Scott Osmond,71,2,7,11,692.8600000000001,-492.86,-71.13413965303235
Hannah Anforth,54,2,7,10,716.73,-516.7299999999999,-72.09548923583495
Brett Hogan,51,2,7,9,580.36,-380.35999999999996,-65.53863119443103
Matt Newberry,57,2,7,7,754.03,-554.03,-73.47585639828654
Andrew Bourke,80,2,6,9,955.3,-755.3,-79.06416832408667
Michael Towers,47,2,6,4,593.3999999999999,-393.4,-66.2959218065386
Todd Day,35,2,5,5,342.54,-142.54000000000002,-41.61265837566416
Rod Barker,48,2,5,4,335.0,-135.0,-40.298507462686565
Tom Nally,44,2,5,2,636.59,-436.59000000000003,-68.58260418793887
Alan Donohoe,31,2,4,8,477.6600000000001,-277.66,-58.12921324791692
Andrew Clarke,43,2,4,4,308.40000000000003,-108.39999999999998,-35.149156939040196
Owen Shea,28,2,4,2,325.88000000000005,-125.88000000000001,-38.62771572357923
Jack Sullivan,33,2,4,1,434.61,-234.61,-53.9817307471066
Steve Cleave,18,2,4,1,307.92,-107.91999999999997,-35.048064432320075
Ashley Manton,44,2,4,0,367.03,-167.03000000000003,-45.50854153611423
Grace Bilney,21,2,3,8,436.39000000000004,-236.39000000000004,-54.16943559659938
Ada Massa,22,2,3,7,308.54,-108.53999999999999,-35.17858300382446
Nic Horan,25,2,3,6,173.82000000000002,26.179999999999986,15.06155793349441
Michael Hardy,26,2,3,3,479.77,-279.77,-58.313358484273714
Mitch Chapple,39,2,3,3,564.2099999999999,-364.2099999999999,-64.55220573899788
Glenn Conroy,27,2,3,2,263.83,-63.83000000000001,-24.19360952128265
Dean Belford,13,2,3,0,252.99,-52.98999999999998,-20.945491916676538
Boris Devcic,54,2,2,7,617.6700000000001,-417.66999999999996,-67.6202502954652
David Stewart,17,2,2,3,160.59,39.41000000000001,24.540755962388697
Paul Matis,17,2,2,3,118.67999999999999,81.32000000000001,68.52039096730705
Emma Ison,22,2,2,2,144.61,55.38999999999999,38.30302192102897
Rhett Markey,12,2,2,1,143.04000000000002,56.959999999999994,39.82102908277404
Wes Komorowski,14,2,2,1,216.17,-16.169999999999998,-7.480223897858167
Michael Tenardi,14,2,2,0,181.37,18.630000000000006,10.271820036389704
Joshua Osborn,27,2,1,5,323.83,-123.83000000000001,-38.239199580026565
Matthew McCaffery,21,2,1,4,169.98,30.02000000000001,17.66090128250383
Rebecca Brewer,13,2,1,3,78.03999999999999,121.96000000000001,156.27883136852898
Scott Adams,7,2,1,3,210.67999999999998,-10.680000000000003,-5.069299411429658
Anthony O'Connor,13,2,1,1,208.43999999999997,-8.440000000000015,-4.049126847054317
Christian Salter,15,2,1,1,113.33,86.67,76.4757786993735
Peter Sanderson,16,2,1,0,149.75,50.25,33.5559265442404
Matthew Grant,15,2,0,1,122.28999999999999,77.71000000000001,63.54567012838336
Ginger Gleeson,10,2,0,0,87.24,112.76000000000002,129.2526364053187
John Walters,63,1,12,8,664.33,-564.33,-84.94724007646802
Aaron Garaty,34,1,6,5,443.96000000000004,-343.96,-77.47544823858004
Nick Beale,34,1,6,4,364.8,-264.8,-72.58771929824562
Peter Jnr Green,51,1,6,3,442.03000000000003,-342.03000000000003,-77.37710110173518
Matt Crone,86,1,5,8,601.8299999999998,-501.8299999999999,-83.3840120964392
Mark Hayes,29,1,5,4,430.51,-330.51,-76.77173584818007
Christopher Shepherdson,30,1,5,2,291.93,-191.92999999999995,-65.74521289350184
Charli Masotti,22,1,5,1,299.36,-199.36,-66.59540352752539
Ryan Eyre,23,1,4,2,190.85999999999999,-90.86,-47.60557476684481
Brett Smith,33,1,3,6,513.39,-413.39000000000004,-80.52163072907538
Nicholas Brown,66,1,3,6,549.5600000000001,-449.56,-81.80362471795617
Rita Burnett,38,1,3,5,292.59000000000003,-192.58999999999997,-65.82248197135922
Brock Johnson,36,1,3,4,269.8,-169.79999999999998,-62.93550778354336
Glen Judd,14,1,3,0,173.39000000000001,-73.39,-42.3265470903743
Haylee Day,12,1,3,0,129.56,-29.560000000000002,-22.81568385304106
Joe Attard,25,1,2,4,179.37,-79.37,-44.24931705413391
Austin Mifsud,45,1,2,3,398.57000000000005,-298.57,-74.91030433800837
Bayley Duck,21,1,2,3,260.98999999999995,-160.98999999999998,-61.684355722441474
Charlene Gusman,17,1,2,2,272.57000000000005,-172.57000000000002,-63.31217668855707
Darcy Kulcsar,29,1,2,2,282.54,-182.53999999999996,-64.60678134069511
Ella Lyons,11,1,2,1,123.67,-23.669999999999998,-19.139645831648743
Gregory Cattell,13,1,2,1,107.59999999999998,-7.599999999999994,-7.063197026022301
John Downey,19,1,2,1,193.26999999999998,-93.27,-48.2589124023387
Neil Caldwell,10,1,2,0,146.38,-46.379999999999995,-31.684656373821557
Neville Pangrazio,13,1,2,0,255.26000000000002,-155.26000000000002,-60.8242576196819
Noel Parrish,68,1,1,6,249.98,-149.98,-59.99679974397951
Peter Wood,31,1,1,4,188.44999999999996,-88.44999999999999,-46.93552666489785
Shane Turner,12,1,1,3,190.06,-90.06000000000002,-47.385036304324956
Raymond Turner,15,1,1,2,42.46999999999999,57.530000000000015,135.46032493524848
Eugene Harris,16,1,1,1,167.02,-67.02,-40.12693090647826
Fred Posgate,16,1,1,1,39.32,60.680000000000014,154.32349949135303
Garry Harpley,5,1,1,1,70.5,29.499999999999993,41.84397163120566
Jamie Bond,11,1,1,1,107.21,-7.209999999999997,-6.725118925473368
Jorja Rusten,19,1,1,1,141.84,-41.83999999999999,-29.498025944726443
Peter Tilbrook,5,1,1,0,24.299999999999997,75.69999999999999,311.52263374485597
Declan Whelan,28,1,0,5,234.82999999999998,-134.83,-57.41600306604779
Holly Chalmers,21,1,0,3,225.89,-125.88999999999999,-55.73066536809952
Nigel Milne,12,1,0,3,131.26000000000002,-31.259999999999998,-23.81532835593478
Paul Railton,10,1,0,2,75.75,24.250000000000007,32.013201320132026
Riley Pace,9,1,0,2,187.14,-87.13999999999999,-46.56406968045314
Steven Lindberg,7,1,0,2,85.51,14.489999999999995,16.94538650450239
Grace Jones,16,1,0,1,272.4,-172.39999999999998,-63.2892804698972
Sara Grout,17,1,0,1,156.95,-56.95,-36.28544122331953
Anthony Winnell,7,1,0,0,46.74,53.26,113.9495079161318
Darren Grant,5,1,0,0,27.69,72.31000000000002,261.1412062116288
Elley-May Adams,12,1,0,0,26.35,73.65,279.5066413662239
Joey Sharp,2,1,0,0,53.5,46.5,86.91588785046729
Luke Thirgood,5,1,0,0,24.349999999999998,75.64999999999999,310.6776180698152
Paul Grech,11,1,0,0,59.959999999999994,40.040000000000006,66.77785190126752
Reece Moore,11,1,0,0,87.12,12.879999999999999,14.7842056932966
Tanner Brown,12,1,0,0,126.55999999999999,-26.559999999999995,-20.98609355246523
Terry Brown,25,1,0,0,259.77,-159.77,-61.50440774531317
Tom Downey,7,1,0,0,84.92000000000002,15.079999999999998,17.757889778615162
Trent Fiscalini,3,1,0,0,41.349999999999994,58.650000000000006,141.83796856106412
Raymond Walker,29,0,6,4,278.65,-278.65,-100.0
Matthew Gath,31,0,5,6,395.28000000000003,-395.28000000000003,-100.0
Lucas Bucca,34,0,5,4,408.02000000000004,-408.02000000000004,-100.0
Kaden Elliott,23,0,5,2,225.90999999999997,-225.90999999999997,-100.0
Jamie Rigoli,31,0,5,1,261.34000000000003,-261.34000000000003,-100.0
Guy Chapple,27,0,4,7,396.37,-396.37,-100.0
Mario Borg,52,0,4,4,382.89000000000004,-382.89000000000004,-100.0
Wayne Price,22,0,4,3,107.51,-107.51,-100.0
Graham Dwyer,23,0,4,2,214.89000000000001,-214.89000000000001,-100.0
Scott Rains,30,0,3,5,230.01999999999998,-230.01999999999998,-100.0
Brett Holloway,12,0,3,2,176.82,-176.82,-100.0
Graham Betts,33,0,2,4,242.86,-242.86,-100.0
Andrew Vozlic,33,0,2,3,293.41,-293.41,-100.0
Lochie Painting,11,0,2,3,144.79,-144.79,-100.0
Mason Bigeni,11,0,2,3,95.27,-95.27,-100.0
Jared Kahlefeldt,34,0,2,2,325.20000000000005,-325.20000000000005,-100.0
Laura Rusten,28,0,2,2,186.39999999999998,-186.39999999999998,-100.0
Maurice Johnson,32,0,2,2,181.67,-181.67,-100.0
Michael Wood,12,0,2,2,45.24999999999999,-45.24999999999999,-100.0
Sergio Lenardi,22,0,2,2,151.66,-151.66,-100.0
Stacie Carbone,7,0,2,2,147.07,-147.07,-100.0
Ben Parker,14,0,2,1,161.03999999999996,-161.03999999999996,-100.0
Dan Russell,23,0,2,1,166.10999999999993,-166.10999999999993,-100.0
Oliver Arentz,8,0,2,1,118.95,-118.95,-100.0
Tony Barresi,8,0,2,0,40.06999999999999,-40.06999999999999,-100.0
David Magri,31,0,1,7,186.90999999999997,-186.90999999999997,-100.0
Danny Mackney,16,0,1,2,96.72,-96.72,-100.0
Dennis Picker,8,0,1,2,127.15,-127.15,-100.0
Michael Grima,8,0,1,2,91.88,-91.88,-100.0
Paul Grima,12,0,1,2,73.1,-73.1,-100.0
Peter Fiscalini,5,0,1,2,71.08,-71.08,-100.0
Steve Leight,19,0,1,2,159.52,-159.52,-100.0
Trevor Allamby,4,0,1,2,68.95,-68.95,-100.0
Brett Woodhouse,6,0,1,1,132.0,-132.0,-100.0
Gregory Schofield,16,0,1,1,84.57,-84.57,-100.0
Julian Attard,14,0,1,1,104.07,-104.07,-100.0
Toby Glazebrook,2,0,1,1,23.71,-23.71,-100.0
Daniel Jack,2,0,1,0,30.67,-30.67,-100.0
Deehan Crook,5,0,1,0,11.86,-11.86,-100.0
Don Brown,6,0,1,0,52.150000000000006,-52.150000000000006,-100.0
Greg Andrews,15,0,1,0,97.27999999999999,-97.27999999999999,-100.0
James Kennedy,7,0,1,0,36.73,-36.73,-100.0
Jane Morris,4,0,1,0,32.53,-32.53,-100.0
John Ballin,8,0,1,0,29.33,-29.33,-100.0
Kirra Langelaar,7,0,1,0,54.379999999999995,-54.379999999999995,-100.0
Lily McElhinney,7,0,1,0,89.24000000000001,-89.24000000000001,-100.0
Luke Alcorn,12,0,1,0,139.5,-139.5,-100.0
Megan Worthington,5,0,1,0,47.03,-47.03,-100.0
Olivia Jardine,6,0,1,0,65.57,-65.57,-100.0
Ross Arentz,13,0,1,0,132.54,-132.54,-100.0
Trevor Hilson,5,0,1,0,43.26,-43.26,-100.0
Jason Gaffney,11,0,0,3,157.72,-157.72,-100.0
Clare Carroll,4,0,0,2,36.22,-36.22,-100.0
Dale Spencer,10,0,0,2,118.80000000000001,-118.80000000000001,-100.0
Daryl Crone,9,0,0,2,79.82,-79.82,-100.0
Geoffrey Gee,4,0,0,2,6.880000000000001,-6.880000000000001,-100.0
Kerry Green,19,0,0,2,75.36,-75.36,-100.0
Adrian Collins,10,0,0,1,14.930000000000001,-14.930000000000001,-100.0
Anthony Gorman,8,0,0,1,77.92000000000002,-77.92000000000002,-100.0
Bryce Campbell,6,0,0,1,42.13999999999999,-42.13999999999999,-100.0
Clinton Fuller,1,0,0,1,5.26,-5.26,-100.0
Dale Chalk,4,0,0,1,28.17,-28.17,-100.0
Darren Kerr,7,0,0,1,132.15,-132.15,-100.0
Dean Weller,14,0,0,1,42.8,-42.8,-100.0
Harrison Orange,4,0,0,1,37.58,-37.58,-100.0
Jason Glynn,8,0,0,1,73.84,-73.84,-100.0
Jason Hackett,7,0,0,1,86.77000000000001,-86.77000000000001,-100.0
Jody Bryant,9,0,0,1,131.14999999999998,-131.14999999999998,-100.0
Kaitlin Beale,3,0,0,1,48.760000000000005,-48.760000000000005,-100.0
Karen Kendall,8,0,0,1,59.28,-59.28,-100.0
Laura Osborn,5,0,0,1,37.9,-37.9,-100.0
Leighton Burns,5,0,0,1,25.580000000000002,-25.580000000000002,-100.0
Luke Tabone,7,0,0,1,59.11,-59.11,-100.0
Matthew Horsnell,7,0,0,1,110.95,-110.95,-100.0
Paddy Meade,10,0,0,1,51.709999999999994,-51.709999999999994,-100.0
Tony Higgs,5,0,0,1,16.27,-16.27,-100.0
Trent Hodges,23,0,0,1,75.58,-75.58,-100.0
Alan Ratnasingham,1,0,0,0,18.18,-18.18,-100.0
Ashley Shepherd,4,0,0,0,9.07,-9.07,-100.0
Bruce O'Brien,2,0,0,0,2.2199999999999998,-2.2199999999999998,-100.0
Casey Leijen,3,0,0,0,15.629999999999999,-15.629999999999999,-100.0
Cassandra O'Brien,9,0,0,0,38.269999999999996,-38.269999999999996,-100.0
Clare Mackney,2,0,0,0,26.96,-26.96,-100.0
Cooper James,1,0,0,0,3.85,-3.85,-100.0
Daniel Mannix,10,0,0,0,31.750000000000004,-31.750000000000004,-100.0
Dwayne Brown,3,0,0,0,4.91,-4.91,-100.0
Eli Lepper,4,0,0,0,69.59,-69.59,-100.0
Erika Dwyer,11,0,0,0,89.19,-89.19,-100.0
Felicity Reinke,4,0,0,0,9.23,-9.23,-100.0
Gavin Crone,5,0,0,0,19.39,-19.39,-100.0
Ian Miller,5,0,0,0,10.620000000000001,-10.620000000000001,-100.0
Jack Harrington,2,0,0,0,9.879999999999999,-9.879999999999999,-100.0
Joy Missen,3,0,0,0,7.4799999999999995,-7.4799999999999995,-100.0
Justin Pascoe,7,0,0,0,77.91000000000001,-77.91000000000001,-100.0
Kyle Brooks,3,0,0,0,21.77,-21.77,-100.0
Kylie Hughes,6,0,0,0,17.67,-17.67,-100.0
Leo Wallrodt,25,0,0,0,139.84,-139.84,-100.0
Lorelei Limpus,3,0,0,0,45.4,-45.4,-100.0
Matt Maguire,1,0,0,0,6.25,-6.25,-100.0
Mick Carbone,6,0,0,0,41.16,-41.16,-100.0
Mick Dennis,2,0,0,0,14.35,-14.35,-100.0
Mikayla Jones,3,0,0,0,30.159999999999997,-30.159999999999997,-100.0
Nick Youngson,13,0,0,0,28.12,-28.12,-100.0
Paul Tanti,2,0,0,0,2.4,-2.4,-100.0
Peter Salathiel,9,0,0,0,46.4,-46.4,-100.0
Peter Schrader,9,0,0,0,31.34,-31.34,-100.0
Robert Arundell,1,0,0,0,1.96,-1.96,-100.0
Scott Gill,2,0,0,0,5.01,-5.01,-100.0
Shane Sanderson,2,0,0,0,22.03,-22.03,-100.0
Sheree Chellas,4,0,0,0,10.389999999999999,-10.389999999999999,-100.0
Tyler Miles,5,0,0,0,12.66,-12.66,-100.0
Wayne Reid,5,0,0,0,34.49,-34.49,-100.0
Zac Steenhuis,1,0,0,0,4.35,-4.35,-100.0
