Trainer,Starts,Wins,2nds,3rds,Spend,P&L,ROI %
J K Prentice,100,74,11,8,7502.219999999999,-102.2200000000001,-1.3625300244460987
S M Price,100,72,9,9,6796.8099999999995,403.19,5.932047534063774
E J Stewart,100,70,15,3,7353.41,-353.41,-4.8060695650045355
M G Brennan,100,70,12,9,7309.380000000001,-309.37999999999994,-4.232643534745764
M A Lee,100,70,11,9,6926.780000000001,73.21999999999997,1.0570568142773404
"M A Lee, P D Lee",100,69,13,8,7226.28,-326.28000000000003,-4.515186236901975
G E Hall Snr,100,68,14,8,7643.46,-843.46,-11.035054805022856
C A Turpin,100,66,16,8,7240.85,-640.8499999999999,-8.850480261295287
M G Reed,100,66,14,9,7357.750000000001,-757.7499999999999,-10.298664673303657
L A McCarthy,100,65,18,5,7115.92,-615.9200000000001,-8.655521703448043
T J Dawson,93,65,17,3,6264.93,235.06999999999994,3.7521568477221603
R J Alchin,100,65,17,2,6670.97,-170.9699999999999,-2.5628956508573704
J A Young,100,65,16,13,7067.88,-567.8800000000001,-8.034658200195818
A J Turnbull,100,65,15,5,6829.709999999999,-329.71,-4.827584187322741
P L Anderson,97,65,14,8,6236.94,263.05999999999983,4.217773459420803
M D Young,100,65,10,9,6832.58,-332.58,-4.867561009164913
B M Hewitt,100,64,18,8,6972.3200000000015,-572.3200000000002,-8.208458590540882
R J L Williams,88,64,11,6,6583.38,-183.38000000000005,-2.7854992420306903
R J Mellsop,100,63,19,8,6890.650000000001,-590.65,-8.571760283862915
J R Grimson,100,63,16,6,7033.660000000001,-733.6600000000001,-10.430700375053672
G F Dwyer,100,63,14,7,6245.620000000001,54.37999999999987,0.8706901796779162
E J Jones,100,63,8,5,6580.509999999999,-280.5100000000001,-4.262739514110611
K N Prentice,100,62,19,10,6821.3099999999995,-621.3099999999997,-9.10836774754409
J A Tubbs,100,62,16,9,6733.65,-533.65,-7.92512233335561
B J McCarthy,100,61,17,6,6872.259999999999,-772.26,-11.237351322563466
A J Bain,100,61,15,7,6946.06,-846.06,-12.180430344684611
D A Kennedy,100,61,15,4,6722.68,-622.68,-9.26237750420963
B P Fitzpatrick,100,61,12,10,6445.889999999999,-345.89000000000004,-5.366054959051428
N A Turvey,100,61,11,14,6900.52,-800.52,-11.600864862358199
D J D Smith,100,60,21,7,6801.63,-801.6299999999999,-11.785851332695248
R P Bell,100,60,21,3,6762.51,-762.5100000000002,-11.275547097157714
C D Svanosio,100,60,20,7,6486.1900000000005,-486.1899999999998,-7.495771785902044
K A Morris,100,60,18,8,6490.450000000002,-490.44999999999993,-7.55648683835481
"G F J Bond, S A Bond",100,60,18,5,7097.58,-1097.5800000000002,-15.464144116727113
R L Hillier,100,60,17,9,6638.04,-738.04,-11.118342161240365
R W Jack,100,60,17,7,6905.320000000001,-905.3199999999999,-13.110471346729765
A S Turnbull,100,60,12,14,6729.5,-729.5000000000001,-10.840329890779406
A J Dunn,100,59,24,4,6656.880000000001,-756.8800000000001,-11.369890999987982
D Egerton-Green,100,59,19,10,7033.799999999999,-1133.8000000000002,-16.11930961926697
A F De Campo,100,59,18,7,7016.1,-1116.1000000000001,-15.907698008865326
D J Lewis,98,59,16,8,6715.41,-815.4100000000001,-12.1423710540384
M P Rue,100,59,15,11,6391.49,-491.4899999999999,-7.689756222727406
D J Elder,88,59,11,8,5505.41,394.5899999999999,7.167313606071119
B J Hewitt,100,58,19,14,6856.29,-1056.29,-15.4061453059891
J J Alchin,100,58,19,9,7007.140000000001,-1207.1399999999999,-17.227285311839065
N A Turnbull,100,58,19,5,6536.78,-736.78,-11.27129871282191
G C Hewitt,81,58,6,8,5232.84,567.1600000000001,10.838473945314592
M I Stanley,100,57,23,9,6742.37,-1042.3700000000001,-15.459994037704844
B A Lilley,100,57,20,8,6558.62,-858.6199999999999,-13.09147351119595
B J Howlett,100,57,17,12,6788.700000000001,-1088.7,-16.036943744752307
M J Craven,100,57,14,10,6551.750000000002,-851.75,-13.000343419697025
M J Butler,100,57,13,6,6285.330000000001,-585.33,-9.312637522612178
S R Graham,97,56,19,10,6361.110000000001,-761.11,-11.965050124899584
C D Voak,89,56,18,4,6039.13,-439.13000000000005,-7.2714116106127875
J E Trainor,100,56,16,8,6768.160000000001,-1168.1599999999999,-17.259639252027135
Clayton Tonkin,74,56,8,3,5653.969999999999,-53.97000000000003,-0.9545505193695764
K P Hargreaves,100,55,23,10,6782.160000000002,-1282.16,-18.90489165693525
A P Gath,100,55,19,7,6349.349999999999,-849.35,-13.376959846283478
T M Ison,98,55,16,13,5838.370000000001,-338.37000000000006,-5.795624463677362
R M Hryhorec,100,55,14,14,6338.379999999999,-838.38,-13.22703908569698
G W Dixon,100,54,19,11,7051.160000000001,-1651.1599999999999,-23.41685623358426
J G Painting,95,54,19,6,6220.350000000002,-820.35,-13.18816465311437
C D Brown,84,54,15,5,5617.6500000000015,-217.65000000000003,-3.8743958772796447
C J Harmey,100,53,21,8,6611.7300000000005,-1311.73,-19.839436879606396
A M Ashwood,100,53,18,10,6460.530000000001,-1160.5300000000004,-17.963386904789548
P R J Fitzpatrick,85,53,17,6,5741.070000000001,-441.0700000000001,-7.682714197876006
A M Golino,81,53,10,6,5418.42,-118.42000000000002,-2.185507952502759
S M Grima,100,51,22,9,6491.93,-1391.9299999999998,-21.440927428361054
D J Thorn,82,50,6,12,5674.4,-674.4000000000001,-11.884956999859018
J A Douglas,100,48,19,8,6291.750000000001,-1491.75,-23.70961974013589
M G Scott,77,48,13,6,4978.4400000000005,-178.44000000000005,-3.584255308891943
L C Pitt,73,48,12,4,5038.03,-238.02999999999997,-4.72466420406389
K Warwick,68,47,9,2,4882.08,-182.0800000000001,-3.729557893356932
D G Weeks,72,46,14,3,4873.91,-273.9100000000001,-5.619923223859286
P J Greig,78,45,16,9,4742.120000000002,-242.12000000000003,-5.105733300717821
G D Scholefield,63,45,7,3,4408.62,91.37999999999994,2.0727574615185693
"D A McDowell, K L McDowell",78,44,15,4,5090.25,-790.2499999999998,-15.524777761406606
R A Olivieri,68,44,8,4,4878.74,-478.7400000000002,-9.812779529140725
J N McMullen,75,43,18,4,4671.94,-371.94000000000005,-7.9611467613025875
C B Frisby,71,43,11,6,4759.15,-459.1500000000001,-9.647731212506438
D Aiken,68,43,10,6,4314.26,-14.26000000000004,-0.33053177138141976
J K Neilson,64,43,10,3,4277.81,22.18999999999994,0.5187233654603626
T E Rattray,73,42,16,7,4621.65,-421.65000000000003,-9.123365031969104
P D Lee,75,42,13,7,4846.4,-646.4000000000001,-13.337735226147245
N R Jack,62,42,13,2,4638.22,-438.22,-9.448021008059126
D W Graham,73,42,11,6,4625.31,-425.31,-9.195275559908417
N J Elkins,68,42,11,5,4580.01,-380.0100000000001,-8.297143456018658
R J Sallis,68,42,11,5,4312.320000000001,-112.32000000000012,-2.6046304541406973
K J Pizzuto,78,41,18,9,5018.910000000001,-918.9099999999997,-18.308955530184832
C A Turnbull,70,41,14,8,4704.960000000001,-604.96,-12.857920152349859
S T Sanderson,66,41,8,5,4401.04,-301.0400000000001,-6.84020140694018
G F Webster,77,40,17,9,5337.700000000001,-1337.7,-25.061356014762907
C T Crook,75,39,13,8,4790.8600000000015,-890.8600000000001,-18.59499129592599
B J Yole,74,38,15,9,4372.509999999999,-572.5100000000001,-13.093394869308481
B M Battle,76,38,10,9,4652.92,-852.9200000000001,-18.330854603130938
G E Hall Jnr,52,38,5,3,3809.99,-9.990000000000052,-0.2622054126126329
P H Rixon,52,37,4,5,3276.8400000000006,423.15999999999997,12.913660721915013
D N Moran,65,36,9,8,4425.5,-825.4999999999999,-18.65325951869845
N Kerr,74,35,15,10,4778.529999999999,-1278.53,-26.755717762575525
T R Langley,65,35,6,10,3968.5400000000004,-568.54,-14.326175369279378
S R Young,47,35,6,1,3529.94,-29.940000000000033,-0.8481730567658383
R G Williams,43,35,1,4,3154.0,346.0,10.970196575776791
S A Loone,57,33,10,10,3599.31,-299.31000000000006,-8.315760520766483
P G Manning,46,33,5,4,2954.19,345.81,11.705746752917042
D C Garrard,58,32,15,6,3638.0499999999997,-438.05000000000007,-12.040791083135199
S A Grimsey,52,32,8,2,3355.1700000000005,-155.16999999999996,-4.624802916096648
C W Lang,61,31,13,5,4018.13,-918.13,-22.849683808139606
J R Rattray,62,31,12,6,4217.93,-1117.93,-26.50423311908922
B P Portelli,55,31,11,3,3579.8200000000006,-479.8200000000001,-13.403467213435313
J A Hayman,49,31,5,5,3313.41,-213.41000000000005,-6.440796641526406
D R Young,48,30,10,2,3271.28,-271.28000000000003,-8.292778361986745
L B Harding,51,30,9,4,3504.6800000000003,-504.68000000000006,-14.400173482315076
P C Bain,45,30,7,3,3187.28,-187.28000000000006,-5.875856529705581
R E Roots Jnr,45,30,5,2,2924.3000000000006,75.69999999999996,2.588653694901342
A J Finnis,47,29,11,2,3227.7799999999997,-327.78000000000003,-10.154967191072503
A T Ison,47,29,11,0,3087.1600000000003,-187.16000000000003,-6.062529962813719
K E Manning,53,29,9,3,3478.15,-578.1500000000001,-16.622342337162
D K Harding,52,29,8,6,3454.5699999999997,-554.57,-16.05322804285338
D E Russell,45,29,8,4,2723.42,176.57999999999993,6.48375939076602
D M Hewitt,45,28,7,4,3034.94,-234.94,-7.741174454849189
V L Rasmussen,44,28,6,4,2820.5699999999997,-20.569999999999986,-0.7292852153997238
A T McDonough,44,28,6,1,2952.23,-152.23,-5.156441063196295
"A M Butt, S L Smith",34,28,5,0,2412.8799999999997,387.12,16.043897748748385
M Doltoff,41,28,4,4,2795.14,4.860000000000028,0.17387322280816087
M A Dux,49,27,14,1,3163.79,-463.78999999999996,-14.659316832027407
J E Davies,46,27,12,4,3142.2200000000003,-442.2200000000001,-14.073489443769057
D M Miles,51,27,11,3,3377.34,-677.3400000000003,-20.055428236422753
L J Weidemann,46,27,9,2,2938.51,-238.51,-8.116698598949807
L E Wilson,40,27,7,1,2486.0600000000004,213.93999999999997,8.605584740513098
M A Rees,43,26,11,1,2747.81,-147.81000000000006,-5.379192884515307
F Pullicino,45,26,10,5,2797.6500000000005,-197.65000000000006,-7.064858005826319
L Inwood,46,26,9,5,3017.3600000000006,-417.36,-13.831959063552244
B A Crosby,42,26,8,4,2798.4900000000002,-198.49,-7.0927535921157485
D F Braun,37,26,4,3,2723.8999999999996,-123.89999999999996,-4.548625133081243
W T Graham,43,25,11,2,2669.2100000000005,-169.21000000000006,-6.3393288650949176
A R Goadsby,44,25,9,5,2784.3199999999997,-284.32000000000005,-10.211469945983223
R J Veivers,49,25,5,5,2960.32,-460.32000000000005,-15.549670305912874
T J Ryan,36,25,4,4,2410.5599999999995,89.44,3.7103411655382987
D J Harper,38,25,4,2,2523.02,-23.019999999999982,-0.9123986333838011
S K Hill,35,25,3,4,2247.97,252.03000000000003,11.211448551359673
L B Harper,35,25,3,0,2246.91,253.08999999999997,11.263913552389726
T R Linke,45,24,18,1,3069.01,-669.0100000000002,-21.798886285805526
A P Vozlic,42,24,6,6,2577.14,-177.13999999999996,-6.8735109462427335
G Inwood,34,24,6,2,2237.2400000000007,162.75999999999996,7.275035311365786
S T Hewitt,39,24,5,2,2469.2400000000002,-69.24,-2.8041016669096557
W R Potter,32,24,4,1,2197.7400000000002,202.26,9.203090447459662
T L White,45,23,11,4,2793.7600000000007,-493.76,-17.67367275642861
R J East,40,23,10,4,2496.8099999999995,-196.81,-7.8824580164289655
L R Edwards,42,23,8,7,2837.8,-537.8,-18.951300303051656
A R Ruggari,43,23,7,5,2547.75,-247.75000000000003,-9.724266509665393
D A Micallef,43,23,6,4,2574.6400000000003,-274.6400000000001,-10.667122393810399
R P Jones,33,23,6,1,2463.1,-163.10000000000005,-6.621736835694858
H C Reeves,49,23,5,10,3006.92,-706.92,-23.509770795365355
P M Russo,34,23,4,3,2245.24,54.759999999999984,2.438937485524932
M A Lindau,29,23,2,1,2005.2700000000002,294.73,14.697771372433637
M J Elkins,38,22,10,2,2365.130000000001,-165.13000000000008,-6.981857234063245
T D Williams,40,22,9,6,2498.82,-298.82,-11.958444385750074
"J K Neilson, K Wilson",38,22,9,1,2371.8900000000003,-171.89000000000001,-7.246963392062869
E A Heath,40,22,5,6,2447.4300000000003,-247.43000000000004,-10.109788635425733
L P O'Neill,42,22,5,5,2485.76,-285.76000000000005,-11.495880535530382
J J Hutchinson,41,21,11,5,2504.8900000000003,-404.89,-16.163983248765412
Nathan Purdon,37,21,8,6,2523.3199999999997,-423.32000000000005,-16.776310574956806
M T Hewitt,35,21,7,2,2272.51,-172.51,-7.591165715442395
R C Thurlow,29,21,6,0,1806.08,293.91999999999996,16.27391920623671
A G Cortopassi,37,21,5,6,2547.790000000001,-447.79,-17.57562436464543
R A Graham,35,21,5,3,2148.2200000000003,-48.22,-2.244649058290119
C A A Ross,30,21,4,5,2107.1999999999994,-7.1999999999999815,-0.3416856492027327
M A Laugher,43,20,11,5,2708.81,-708.8100000000001,-26.16684078986714
M A Formosa,46,20,10,10,2959.3700000000003,-959.37,-32.41804843598468
J D Justice,35,20,8,2,2249.17,-249.17000000000007,-11.078308887278421
G R Coney,41,20,7,5,2589.52,-589.52,-22.76560907040687
T G Butt,29,20,6,1,1955.1200000000001,44.88000000000001,2.2955112729653426
A M Alford,33,20,4,3,2094.77,-94.77000000000001,-4.524124366875601
C T Hayes,33,20,4,2,2334.15,-334.15,-14.315703789387998
K J Marshall,30,20,2,3,2075.2499999999995,-75.25,-3.626069148295387
B A Harpley,38,19,10,3,2486.64,-586.64,-23.59167390535019
"J A Rando, M J Rando",29,19,4,3,1823.7600000000002,76.24000000000001,4.18037461069439
C L Peterson,29,19,3,2,1908.3500000000001,-8.350000000000016,-0.43755076374878904
J Conolly,31,19,2,3,2069.98,-169.98000000000002,-8.211673542739545
M G Dawson,26,19,1,2,1748.25,151.75,8.680108680108681
"A J Tindale, B J Tindale",35,18,10,2,2177.07,-377.07,-17.320067797544407
R J Moore,45,18,9,4,2772.7300000000005,-972.73,-35.08203106685468
J Pace,37,18,8,3,2366.830000000001,-566.83,-23.948910568143884
M T Hawke,32,18,7,2,1965.42,-165.42,-8.416521659492627
D M Atkinson,27,18,6,1,1731.6000000000001,68.39999999999998,3.9501039501039483
"C W Lang, S L Mahar",27,18,5,2,1755.8999999999999,44.099999999999994,2.511532547411584
S R Fennell,25,18,3,3,1605.53,194.46999999999997,12.112511133395202
C J Butler,26,18,3,1,1598.8999999999999,201.09999999999997,12.577396960410281
F Taiba,26,18,1,1,1624.56,175.43999999999997,10.799231791992908
S W Townsend,20,18,1,1,1306.3400000000001,493.66,37.789549428173366
J B Tormey,40,17,12,6,2518.57,-818.5699999999999,-32.50137975120802
B E McPherson,33,17,7,1,2052.75,-352.75,-17.184265010351968
M A Thompson,30,17,5,3,1919.5900000000001,-219.58999999999997,-11.439421959897684
B K Woodhouse,30,17,5,2,2004.85,-304.84999999999997,-15.205626356086487
"G J Quinlan, D J Quinlan",29,17,4,5,1957.5499999999997,-257.55,-13.156752062527142
S F Hewitt,29,17,3,6,1900.8600000000001,-200.85999999999999,-10.566796081773512
A F Kelly,30,17,3,4,1958.64,-258.64000000000004,-13.205081076665442
James McPherson,25,17,2,3,1745.13,-45.12999999999998,-2.5860537610378582
T Abela,23,17,2,1,1573.6100000000001,126.38999999999996,8.031850331403586
S E J Quadrio,29,16,9,0,1905.6200000000001,-305.6200000000001,-16.03782495985559
A A Herbertson,32,16,8,3,1921.2199999999998,-321.21999999999997,-16.719584430726307
G A Forrest,27,16,8,1,1693.04,-93.04000000000002,-5.495440154987479
C T Cini,26,16,7,1,1675.8,-75.79999999999995,-4.523212793889483
S J Lee,27,16,6,1,1692.71,-92.71000000000001,-5.47701614570718
G R Norman,23,16,6,0,1615.7700000000004,-15.769999999999968,-0.9760052482717196
M A Callaghan,29,16,5,1,1739.0300000000002,-139.03000000000003,-7.99468669315653
N A Day,30,16,5,0,1789.0499999999997,-189.05,-10.567060730555324
J R Graham,24,16,4,0,1600.8700000000001,-0.8700000000000188,-0.05434544966174759
P K Tilbrook,31,16,3,5,1963.6200000000001,-363.62000000000006,-18.51783950051436
C T Demmler,23,16,3,2,1477.99,122.00999999999993,8.25513027828334
P R Romero,26,16,3,1,1637.8600000000001,-37.86000000000001,-2.311552879977532
P A Ashwood,25,16,2,3,1628.0600000000002,-28.060000000000045,-1.7235237030576296
D C Hillier,21,16,2,1,1292.2,307.79999999999995,23.81984212970128
M J Munro,22,16,0,2,1392.5800000000004,207.41999999999996,14.894655962314546
P L Cavallaro,38,15,12,5,2424.78,-924.7800000000001,-38.1387177393413
I W Smith,28,15,7,3,1740.7200000000003,-240.72000000000003,-13.828760512891217
M L Gadsden,30,15,6,3,1849.0699999999997,-349.07000000000005,-18.878138740015256
"S M McNaulty, J M McNaulty",34,15,5,7,2066.81,-566.8100000000001,-27.4243883085528
B Giorgio,26,15,5,5,1664.2999999999997,-164.3,-9.872018265937633
N P Hurst,28,15,5,5,1664.9900000000002,-164.99,-9.909368825037987
A J Cronin,23,15,5,1,1656.7900000000002,-156.78999999999996,-9.46348058595235
L C Jurd,26,15,4,2,1665.5800000000002,-165.57999999999998,-9.94128171567862
J S Turnbull,24,15,4,1,1522.4499999999998,-22.44999999999999,-1.4745968668921798
D A Murphy,19,15,3,1,1159.5700000000002,340.43,29.358296609950234
"M Purdon, N Purdon",18,15,3,0,1239.42,260.58000000000004,21.024350099239967
D S Waite,35,14,13,0,2176.07,-776.0699999999999,-35.66383434356431
A W Robinson,27,14,10,1,1825.7799999999997,-425.7800000000001,-23.320443865087807
C S Hynam,31,14,7,1,1918.8699999999997,-518.8699999999999,-27.040393564962713
K L Butler,22,14,7,1,1377.6200000000001,22.379999999999995,1.6245408748421186
N Carbone,27,14,6,3,1658.1099999999997,-258.11000000000007,-15.566518506009864
S J O'Donoghue,25,14,6,1,1592.72,-192.72000000000006,-12.100055251393846
L H Holberton,26,14,5,2,1640.0800000000002,-240.08000000000004,-14.638310326325547
D J Rodger,19,14,4,0,1151.3600000000001,248.63999999999996,21.595330739299605
R L Ashwood,19,14,3,2,1243.03,156.96999999999997,12.628013804976549
R B Woodhouse,19,14,3,1,1234.47,165.53,13.40899333317132
K F Keys,21,14,2,4,1399.0399999999997,0.9599999999999937,0.06861848124428135
D T Afford,19,14,2,1,1245.6999999999998,154.3,12.386609938187368
C R Judd,23,14,1,3,1467.6699999999998,-67.66999999999999,-4.610709491915757
S A McDonald,20,14,1,3,1476.3,-76.3,-5.1683262209578
B D Finnis,28,13,11,2,1843.3599999999997,-543.36,-29.476607933339128
S K Duffy,30,13,7,3,1787.4399999999998,-487.44,-27.27028599561384
Z S Steenhuis,30,13,7,3,1841.8799999999999,-541.88,-29.419940495580605
R J Holberton,24,13,6,1,1615.3600000000001,-315.36,-19.522583201267828
C D Goble,25,13,5,2,1504.08,-204.07999999999998,-13.568427211318546
V W Frost,21,13,4,2,1354.39,-54.39000000000001,-4.015830004651541
R P Butt,22,13,4,1,1426.3500000000001,-126.35,-8.85827461702948
T J Munday,26,13,3,3,1657.3999999999999,-357.40000000000003,-21.56389525763244
A D Alchin,24,13,3,2,1573.3000000000002,-273.29999999999995,-17.371130744295424
C A Godden,22,13,3,2,1278.29,21.70999999999998,1.698362656361231
J M Castles,20,13,3,2,1358.55,-58.54999999999998,-4.309742004342865
S R Garraway,22,13,2,5,1321.3999999999999,-21.40000000000002,-1.61949447555623
Jeremy Seal,21,13,2,2,1387.1200000000003,-87.12000000000002,-6.280639021858238
P J Croghan,16,13,2,0,1118.51,181.49,16.22605072820091
S L Ewen,17,13,1,0,1025.74,274.26,26.737769805213794
S P Farrugia,17,13,0,0,1135.09,164.90999999999997,14.52836338968716
D A Cernovskis,26,12,9,1,1698.26,-498.26,-29.33944154605302
S J Wall,24,12,9,1,1549.4299999999998,-349.43000000000006,-22.55216434430727
R J Williams,30,12,7,3,1905.43,-705.43,-37.02208950210713
T A Moffat,25,12,6,2,1461.83,-261.83000000000004,-17.911111415144035
J J McKenzie,24,12,5,3,1498.46,-298.46000000000004,-19.917782256449957
I P Gurney,21,12,5,2,1386.31,-186.30999999999997,-13.439274044044982
K A Towers,23,12,5,2,1398.0,-198.00000000000006,-14.163090128755368
T E Gillespie,21,12,5,2,1316.1000000000001,-116.10000000000002,-8.821518121723274
T J Hutchins,19,12,5,0,1127.38,72.61999999999998,6.441483794284089
M C George,21,12,4,3,1465.19,-265.18999999999994,-18.09935912748517
C J Monte,18,12,4,2,1146.61,53.389999999999986,4.656334760729454
D J Burns,23,12,4,1,1491.67,-291.67,-19.553252394966716
A J Missen,23,12,3,3,1368.49,-168.48999999999998,-12.312110428282267
D J Binskin,21,12,3,3,1298.5499999999997,-98.55000000000003,-7.589234145777987
L M O'Brien,18,12,2,2,1211.94,-11.939999999999998,-0.9851972869944055
R J Gordon,21,12,2,2,1319.03,-119.03000000000002,-9.02405555597674
A A Stephens,15,12,2,1,966.8599999999999,233.14,24.113108412800198
G J Rue,15,12,2,1,976.48,223.52,22.890381779452728
"S J O'Donoghue, R K Bartley",20,12,2,1,1283.5400000000002,-83.54000000000002,-6.508562257506584
S N Tognolini,17,12,2,1,1133.3,66.7,5.885467219624107
T M Robson,18,12,2,1,1158.5600000000002,41.43999999999998,3.5768540256870582
M C Howlett,16,12,2,0,1099.98,100.01999999999995,9.092892598047232
A K Richardson,14,12,1,0,877.8399999999999,322.1600000000001,36.699170691697816
M J Reggett,18,12,1,0,1216.19,-16.19000000000004,-1.3312064726728587
B I Devcic,14,12,0,0,872.5799999999999,327.42,37.52320704118821
J N Quinlan,25,11,6,4,1567.2,-467.20000000000005,-29.811128126595204
W J Yole,32,11,6,2,1522.4700000000003,-422.47,-27.748986843747332
T Nicholson,19,11,6,0,1224.65,-124.65000000000002,-10.178418323602664
S J Cini,23,11,4,3,1421.7799999999997,-321.78000000000003,-22.632193447650135
P Chircop,18,11,4,2,1178.9199999999998,-78.92000000000002,-6.69426254538052
W G Dornauf,17,11,4,1,1259.7800000000002,-159.78000000000006,-12.683166902157522
T J Warren,23,11,3,5,1380.84,-280.84000000000003,-20.338344775643815
D R Lee,17,11,3,2,1064.18,35.81999999999999,3.3659719220432627
A C Frisby,20,11,3,1,1349.3,-249.29999999999998,-18.47624694285926
Craig Cross,16,11,3,0,1170.88,-70.88000000000001,-6.053566548237224
A E Belton,19,11,2,1,1339.27,-239.27,-17.86570295758137
C A Suvaljko,16,11,2,1,1008.26,91.74000000000001,9.098843552258346
B A Lynn,20,11,2,0,1244.28,-144.28000000000003,-11.595460828752374
M S Borg,17,11,2,0,1133.66,-33.66000000000001,-2.9691441878517377
D J Day,15,11,0,2,929.2800000000001,170.72,18.371212121212118
K L Crone,15,11,0,2,910.9499999999998,189.05,20.75305999231572
B J Lew,12,11,0,1,786.54,313.46,39.85302718234292
R D Caton,12,11,0,1,730.3299999999999,369.6699999999999,50.61684444018456
C J Slater,23,10,5,5,1492.9899999999998,-492.99000000000007,-33.02031493847917
C D Parker,20,10,5,0,1267.17,-267.1700000000001,-21.083990309114014
G J Gerrard,22,10,4,3,1423.89,-423.89000000000004,-29.769855817513996
D J McCall,18,10,4,2,1080.49,-80.49000000000001,-7.44939795833372
D R March,19,10,4,2,1205.31,-205.31,-17.033792136462818
0,20,10,4,1,1351.7800000000002,-351.78000000000003,-26.023465356788826
Greg Fleming,17,10,4,1,1055.41,-55.41000000000001,-5.250092381159929
I Walsh,15,10,4,1,1004.28,-4.279999999999987,-0.42617596686183007
D J Drury,24,10,3,4,1582.48,-582.48,-36.80804812699054
B A Heenan,15,10,3,2,956.18,43.81999999999998,4.582819134472587
C J Millar,16,10,3,2,1032.03,-32.03,-3.103591949846419
K L Tippet,17,10,3,2,963.07,36.929999999999986,3.8346122296406264
Sonya Smith,18,10,3,2,1059.58,-59.580000000000005,-5.622982691255027
R W Cross,14,10,3,1,880.4,119.59999999999997,13.58473421172194
T C Reay,15,10,3,1,949.0699999999999,50.92999999999998,5.366305962679252
W J Turnbull,16,10,3,1,980.4399999999999,19.55999999999998,1.9950226428950248
D W Billinger,15,10,3,0,1006.33,-6.3300000000000125,-0.629018314071926
I K Bennett,16,10,3,0,978.53,21.47,2.1941074877622557
D R Wilson,19,10,2,3,1236.7699999999998,-236.76999999999998,-19.144222450415196
G P Elliott,16,10,2,2,1118.55,-118.55000000000004,-10.598542756246932
M D Thomas,16,10,2,2,1106.94,-106.94000000000003,-9.660866894321284
P G Bull,16,10,2,2,940.9000000000001,59.099999999999994,6.281220108406843
S P Barker,17,10,2,2,1109.54,-109.54000000000002,-9.872559799556575
W P Dimech,17,10,2,2,1089.5100000000002,-89.50999999999999,-8.215619865811234
C V Castles,14,10,2,1,907.45,92.54999999999998,10.198909030800593
L J Hewitt,17,10,2,1,1087.3,-87.30000000000001,-8.029062816150098
J L Stockton,12,10,2,0,799.76,200.23999999999998,25.03751125337601
K J Barker,14,10,2,0,857.51,142.49,16.616715840048514
D M O'Brien,15,10,1,2,961.0000000000001,38.99999999999999,4.058272632674297
Michael Muscat,17,10,1,2,1112.53,-112.53,-10.114783421570655
R A Wells,16,10,1,2,1012.38,-12.38000000000001,-1.2228609810545457
M J Frost,13,10,1,1,834.1299999999998,165.87,19.885389567573405
H M Stevens,15,10,0,3,924.5600000000001,75.44,8.159556978454615
S R Clarke,13,10,0,2,759.7599999999999,240.24,31.620511740549656
C L Wallrodt,14,10,0,1,828.9499999999999,171.04999999999995,20.634537668134385
J H Barker,26,9,9,5,1536.9300000000003,-636.9300000000001,-41.44170521754406
M F Blackmore,22,9,6,4,1395.1399999999999,-495.14000000000004,-35.49034505497657
K J F Charles,19,9,6,2,1221.39,-321.39,-26.313462530395693
C R Thomas,22,9,5,2,1470.93,-570.9300000000001,-38.814219575370686
M J Crone,20,9,5,2,1217.07,-317.07,-26.05191155808622
M A Betts,17,9,4,2,1047.1799999999998,-147.18,-14.054890276743256
G L Elson,15,9,4,0,957.9900000000001,-57.99000000000001,-6.053299094980115
R J Huston,15,9,3,2,1005.26,-105.26000000000002,-10.470922945307684
J K Donovan,12,9,3,0,780.5299999999999,119.47000000000001,15.306266254980594
M L Norman,14,9,3,0,927.29,-27.29,-2.9429843953887134
K A McDeed,14,9,2,1,864.6999999999998,35.300000000000004,4.082340696195214
S M Hunter,14,9,2,0,818.8,81.19999999999999,9.91695163654128
G A Panella,15,9,1,2,924.78,-24.780000000000037,-2.6795562187763617
P J Hanson,13,9,1,2,859.51,40.489999999999995,4.7108236088003625
S M Zucchiatti,13,9,1,2,832.18,67.81999999999998,8.149679155951835
C R Abercromby,13,9,1,1,914.87,-14.869999999999997,-1.6253675385573905
S M Wiscombe,12,9,1,1,856.14,43.860000000000014,5.122993902866355
M S Elder,13,9,0,2,745.49,154.50999999999996,20.72596547237387
S E Kilroy,11,9,0,2,695.4499999999999,204.54999999999998,29.41261053993817
T C Rundle,12,9,0,2,761.3899999999999,138.60999999999999,18.20486215999685
"E Brosnan, R J Brosnan",12,9,0,1,747.8399999999999,152.16,20.346598202824133
M D Horsnell,18,8,7,2,1207.14,-407.14000000000004,-33.72765379326342
J A Boserio,21,8,4,2,1291.68,-491.67999999999995,-38.0651554564598
K E Rue,14,8,4,2,848.0400000000001,-48.04,-5.664827130795716
J W Hetherington,14,8,4,1,806.97,-6.969999999999992,-0.8637247977000374
G A Hunter,13,8,4,0,907.06,-107.06000000000004,-11.802967830132522
R K Bartley,15,8,4,0,1004.3399999999999,-204.34000000000003,-20.345699663460586
S M Maguire,14,8,4,0,941.3299999999999,-141.32999999999996,-15.013863363538817
David Thompson,14,8,3,2,916.44,-116.44000000000001,-12.705687224477327
N M Johns,17,8,3,2,1059.45,-259.45,-24.489121714096935
J C Woodworth,12,8,3,1,794.38,5.620000000000019,0.7074699765855156
L A Clement,13,8,3,1,835.62,-35.62000000000003,-4.262703142576773
T J McMullen,13,8,3,1,811.7899999999997,-11.790000000000006,-1.4523460500868464
L Tabone,14,8,3,0,953.2599999999998,-153.26000000000002,-16.077460503954853
S M O'Connor,12,8,3,0,710.9399999999999,89.06000000000002,12.527076827861707
K L Dawson,15,8,2,2,1005.4300000000001,-205.43000000000004,-20.432053947067427
P C Bullock,15,8,2,2,875.94,-75.94000000000001,-8.669543576044022
R W McCartney,15,8,2,2,947.49,-147.49,-15.566391202017964
M D Blakemore,15,8,1,2,921.0000000000001,-121.0,-13.13789359391965
J T O'Shea,14,8,1,1,879.52,-79.52000000000001,-9.041295251955614
J M Pascoe,9,8,1,0,620.26,179.74,28.978170444652246
M J Bellman,14,8,1,0,888.5099999999999,-88.51000000000002,-9.96162114101136
M P Chapple,13,8,1,0,921.3800000000001,-121.38,-13.173717684343048
R J Hadley,11,8,1,0,817.4099999999999,-17.409999999999997,-2.129898092756389
S P Adams,10,8,1,0,627.4099999999999,172.59,27.508327887665168
D A Dwyer,16,8,0,2,976.6400000000001,-176.64,-18.08650065530799
B L McDonough,9,8,0,1,574.38,225.62,39.28061562032104
J Vassallo,9,8,0,1,566.64,233.36,41.18311449950586
M J Maguire,10,8,0,1,574.48,225.52,39.256370978972285
E J Tappe,8,8,0,0,492.29,307.71,62.50584005362691
D A Chapple,16,7,5,2,934.0300000000001,-234.03000000000003,-25.055940387353726
J W Nissen,14,7,4,1,898.43,-198.43,-22.08630611177276
G J Dawson,13,7,3,3,743.73,-43.730000000000004,-5.8798219784061425
M A Caldow,15,7,3,3,893.3600000000001,-193.36,-21.64413002596937
K M Males,12,7,3,1,754.9400000000002,-54.94000000000001,-7.2773995284393465
R L Burnett,11,7,3,1,719.6099999999999,-19.61,-2.7250872000111173
A W Coad,15,7,2,2,888.8899999999999,-188.89000000000001,-21.25009843737696
K D Anderson,12,7,2,2,811.29,-111.28999999999996,-13.717659529884502
D J Phillips,11,7,2,1,721.3199999999999,-21.319999999999986,-2.9556923418177767
G A Jamieson,13,7,2,1,790.11,-90.11000000000001,-11.404741111997065
L J Egerton-Green,15,7,2,1,902.5200000000001,-202.52000000000004,-22.439391924832695
L Miles,14,7,2,1,859.0799999999999,-159.08,-18.517483819900363
S I Fraser,14,7,2,1,1023.59,-323.5899999999999,-31.61324358385681
Stephen Reed,15,7,2,1,1034.77,-334.77,-32.352116895542004
Brad Elder,12,7,2,0,804.47,-104.46999999999998,-12.98618966524544
D M Lewis,10,7,2,0,667.75,32.24999999999999,4.829651815799325
D P Hewitt,12,7,2,0,694.7099999999999,5.289999999999985,0.7614688143253998
G B Lawlor,14,7,2,0,907.7300000000001,-207.73000000000002,-22.884558183600852
N Tardio,14,7,1,2,791.3399999999999,-91.33999999999999,-11.54244698865216
C J Davies,11,7,1,1,626.7800000000001,73.21999999999996,11.681929863748037
D M Castles,11,7,1,1,635.27,64.73,10.189368300092875
W E Hinze,12,7,1,1,683.8799999999999,16.11999999999999,2.357138679300461
A A Ainsworth,9,7,1,0,602.12,97.88,16.255895834717332
A D Gorman,8,7,1,0,504.61,195.39000000000001,38.720992449614556
C M Watson,10,7,1,0,638.1899999999999,61.80999999999999,9.68520346605243
Corey Rogers,9,7,1,0,633.94,66.06,10.420544531028172
D G Simmonds,10,7,1,0,629.32,70.68,11.231170151909998
L C Graham,9,7,1,0,620.9800000000001,79.02000000000001,12.725047505555734
M J Wright,12,7,1,0,715.8800000000001,-15.880000000000003,-2.218248868525451
Michael Grantham,8,7,1,0,554.9200000000001,145.07999999999998,26.144309089598494
O S Frisby,10,7,1,0,581.6800000000001,118.32,20.3410810067391
S G Newman,8,7,1,0,546.68,153.32,28.045657422989684
J R Davis,11,7,0,2,705.64,-5.640000000000015,-0.7992744175500277
K M Watson,10,7,0,1,612.1600000000001,87.84,14.349189754312597
M W Fletcher,10,7,0,1,658.3700000000001,41.62999999999997,6.323192126008166
A M Woodmansey,9,7,0,0,621.53,78.47,12.62529564140106
J A Livingstone,9,7,0,0,543.44,156.56,28.80906815839835
K L Carey,8,7,0,0,467.68,232.32,49.67499144714335
P A Hill,7,7,0,0,441.56999999999994,258.43000000000006,58.52526213284419
P J Hedges,9,7,0,0,516.83,183.17000000000002,35.44105411837548
S L Davis,10,7,0,0,538.72,161.28,29.937629937629932
M J Darling,14,6,5,1,888.36,-288.36,-32.459813589085506
Shaun Kittel,13,6,5,0,812.44,-212.43999999999997,-26.14839249667667
G H Franklin,17,6,4,3,1053.5,-453.5,-43.046986236355
I J Osmond,15,6,4,2,865.7,-265.7,-30.691925609333488
Lui Trotta,12,6,4,1,781.1700000000001,-181.17,-23.192134874611156
M P McNee,10,6,4,0,681.8999999999999,-81.9,-12.010558732952049
C Nicol,11,6,3,2,686.76,-86.76000000000003,-12.633234317665565
D W Girardi,12,6,3,1,771.5799999999999,-171.57999999999998,-22.237486715570647
M A Callegari,10,6,3,1,701.9,-101.89999999999998,-14.517737569454336
"C A Jamieson, T Jamieson",9,6,3,0,533.8499999999999,66.15,12.39112110143299
"B L Caruana, T Caruana",11,6,2,3,708.9300000000001,-108.93000000000002,-15.365409843002837
M R Gillies,16,6,2,3,1025.03,-425.03,-41.46512784991659
D Jack,10,6,2,1,639.93,-39.93000000000001,-6.239744972106326
K D Sugars,12,6,2,1,705.11,-105.11,-14.906893959807691
P E Payne,12,6,2,1,713.0900000000001,-113.09,-15.85914821411042
R J Mercieca,9,6,2,1,570.85,29.14999999999999,5.106420250503634
K E Thompson,10,6,2,0,656.5300000000001,-56.53000000000002,-8.610421458273045
L M Holman,9,6,2,0,519.6,80.39999999999999,15.473441108545034
M P Benham,9,6,2,0,565.97,34.029999999999994,6.012686184780111
N Youngson,8,6,2,0,503.66,96.33999999999996,19.127983163245037
Rodney Lakey,11,6,2,0,685.74,-85.74000000000001,-12.503281126957742
T R Stampalia,11,6,2,0,779.21,-179.21000000000004,-22.998934818598325
T J French,13,6,1,2,856.7799999999999,-256.78000000000003,-29.970354116576026
D J Hunter,9,6,1,1,559.6,40.39999999999999,7.219442458899213
D M Padberg,9,6,1,1,547.29,52.71,9.631091377514664
E G Ashcroft,10,6,1,1,657.77,-57.77000000000001,-8.782705200906094
J G Newberry,10,6,1,1,590.3700000000001,9.63000000000001,1.6311804461608834
"R A Hoare, T A Hoare",9,6,1,1,590.4200000000001,9.579999999999991,1.6225737610514532
S J De Campo,9,6,1,1,627.54,-27.540000000000006,-4.388564872358735
A M Grives,9,6,1,0,594.7900000000001,5.209999999999987,0.875939407185727
J A Whitaker,7,6,1,0,446.27000000000004,153.73000000000002,34.44775584287539
Katie Howlett,8,6,1,0,566.88,33.12000000000002,5.8425063505503845
S L Suvaljko,8,6,1,0,536.22,63.78000000000001,11.894371713102831
A R Delosa,9,6,0,2,520.39,79.61,15.298141778281673
C M Hamilton-Smith,10,6,0,2,605.91,-5.910000000000004,-0.9753923850076751
A Spiteri,12,6,0,1,759.55,-159.55,-21.005858732144038
B H Aldons,7,6,0,1,399.64,200.36,50.135121609448504
B P J James,9,6,0,1,550.0400000000001,49.96,9.082975783579375
D P Barbetti,7,6,0,1,444.30000000000007,155.7,35.043889264010794
M N Clayton,7,6,0,1,453.91999999999996,146.07999999999998,32.18188227000353
T M Primmer,8,6,0,1,548.43,51.57000000000001,9.40320551392156
A C Warton,7,6,0,0,445.06000000000006,154.94,34.81328360221093
J J Moore,6,6,0,0,405.22,194.78,48.06771630225556
W J Hayes,6,6,0,0,419.78999999999996,180.21,42.928607160723224
R A Shinn,16,5,7,2,1002.24,-502.24,-50.1117496807152
D L Costello,11,5,5,0,685.81,-185.81,-27.093509864248116
J W Carkeet,11,5,5,0,675.3799999999999,-175.38000000000002,-25.967603423258023
D Thackeray,12,5,4,0,720.8399999999999,-220.83999999999997,-30.63647966261584
T H McGuigan,13,5,3,4,802.6099999999999,-302.61,-37.70324316916062
R P Hutchinson,15,5,3,3,883.54,-383.5400000000001,-43.409466464449835
Aaron Brown,12,5,3,2,786.0900000000001,-286.09,-36.394051571702974
J Stariha,10,5,3,2,638.49,-138.49,-21.69023790505725
L A Mulley,11,5,3,2,679.02,-179.01999999999998,-26.3644664369238
B J Swan,9,5,3,1,509.83000000000004,-9.830000000000013,-1.9280936782849207
D R Laird,9,5,3,1,528.02,-28.02000000000001,-5.306617173591912
G J White,11,5,3,1,655.42,-155.42000000000002,-23.7130389673797
D A Brown,8,5,3,0,558.09,-58.09,-10.40871544016198
D T Reay,9,5,3,0,516.12,-16.120000000000005,-3.123304657831513
L Chiang,12,5,2,4,720.26,-220.26,-30.580623663677002
D J McIntyre,9,5,2,2,607.76,-107.76,-17.730683164407004
M B Kendall,9,5,2,2,535.5,-35.50000000000001,-6.629318394024278
S Torre,9,5,2,2,546.95,-46.95,-8.583965627571075
Brittany O'Brien,9,5,2,1,631.81,-131.81000000000003,-20.862284547569686
D J Druitt,8,5,2,1,485.3,14.700000000000003,3.029054193282506
Donald Thomas,9,5,2,1,603.03,-103.02999999999999,-17.08538547004295
F L G Bonnett,8,5,2,1,515.4200000000001,-15.420000000000002,-2.991734895813123
M A Xuereb,9,5,2,1,584.66,-84.66000000000001,-14.480210720760786
M C Williams,9,5,2,1,633.37,-133.36999999999998,-21.057201951465963
M N Beech,8,5,2,1,524.4,-24.400000000000006,-4.652936689549962
R W Adams,10,5,2,1,589.74,-89.74000000000001,-15.216875233153596
A C Ellul,8,5,2,0,487.36,12.639999999999986,2.5935653315824
C B Howlett,8,5,2,0,579.78,-79.78,-13.760391872779332
D J Reynolds,9,5,2,0,621.0,-121.0,-19.484702093397747
G C Elkins,8,5,2,0,460.49,39.50999999999999,8.579990879280764
I A Caruana,8,5,2,0,492.17,7.829999999999998,1.5909137086778955
K W Weidenbach,8,5,2,0,518.8499999999999,-18.85000000000001,-3.633034595740582
Kelly Reggett,9,5,2,0,600.3100000000001,-100.31000000000002,-16.70969998833936
R C Weidenbach,8,5,2,0,564.81,-64.81,-11.474655193781981
S M Kittel,8,5,2,0,476.03000000000003,23.96999999999997,5.035396928764987
B J Dooley,12,5,1,4,752.2100000000002,-252.20999999999998,-33.52920062216667
A J Grieve,10,5,1,2,678.3499999999999,-178.35000000000002,-26.291737303751756
L C Johnson,12,5,1,2,728.5600000000001,-228.56,-31.371472493686177
P J Keats,8,5,1,2,532.6400000000001,-32.64000000000001,-6.127966356263142
R L Cummins,8,5,1,2,487.01,12.98999999999998,2.667296359417667
A C Markham,9,5,1,1,523.86,-23.860000000000014,-4.554652006261217
A M Shanks,7,5,1,1,465.93,34.06999999999999,7.312257206018071
A S Williams,9,5,1,1,581.01,-81.01,-13.942961394812484
B M Ashcroft,8,5,1,1,471.32,28.68,6.0850377662734445
M C Young,8,5,1,1,473.47,26.53,5.603311719855535
R W Hart,8,5,1,1,485.2,14.79999999999999,3.0502885408079123
S W Dickson,9,5,1,1,524.33,-24.33000000000002,-4.640207502908477
Ahmed Taiba,7,5,1,0,458.66,41.33999999999999,9.01321240134304
C J Hughes,7,5,1,0,463.2,36.8,7.9447322970639025
G W Simpson,6,5,1,0,416.21,83.79,20.131664304077272
I C Wilson,6,5,1,0,341.75,158.25,46.30577907827359
L Watson,6,5,1,0,342.06,157.94,46.17318599076186
M B Turnbull,7,5,1,0,496.08000000000004,3.920000000000009,0.790195129817773
Dot Schmidt,8,5,0,2,604.8100000000001,-104.81,-17.329409235958398
T J Mannix,7,5,0,2,482.39000000000004,17.609999999999992,3.6505731876697256
N J Pangrazio,9,5,0,1,510.7,-10.700000000000003,-2.0951635010769536
S M Lowings,7,5,0,1,488.04999999999995,11.949999999999989,2.448519618891505
T D Gillespie,7,5,0,1,454.47999999999996,45.519999999999996,10.015842281288506
B J Barry,5,5,0,0,336.39,163.60999999999999,48.63699872172181
D G Farrar,6,5,0,0,363.67,136.33,37.487282426375565
G J Rogers,7,5,0,0,421.79,78.20999999999998,18.542402617416247
G L Cummins,6,5,0,0,417.09999999999997,82.9,19.87532965715656
J A Brimacombe,6,5,0,0,400.98,99.02,24.694498478727116
J B Hurrell,5,5,0,0,329.74,170.26,51.63462121671619
J P Egan,5,5,0,0,396.88,103.12,25.982664785325543
J W Powderly,5,5,0,0,294.83,205.17,69.58925482481429
M J Cox,5,5,0,0,361.41999999999996,138.57999999999998,38.343201815062805
M J McCarthy,5,5,0,0,279.62,220.38,78.81410485659109
P A Keogh,7,5,0,0,394.40000000000003,105.6,26.77484787018255
S F Hoban,7,5,0,0,421.53999999999996,78.46000000000001,18.612705793044555
V Dicocco,5,5,0,0,341.77,158.23,46.29721742692454
W F Ronan,5,5,0,0,302.37,197.63,65.36032013757979
K E Rattray,14,4,6,2,938.5300000000001,-538.5300000000002,-57.38015833271181
B A Stanley,12,4,4,2,738.45,-338.45,-45.832486965942174
Amber Sparks,10,4,4,1,629.53,-229.52999999999997,-36.46053404921131
P S Birks,10,4,4,0,637.3800000000001,-237.38,-37.243088895164576
T A Hillier,13,4,4,0,782.1499999999999,-382.15,-48.858914530460915
T R Weidenbach,11,4,3,2,654.44,-254.43999999999997,-38.87904162337264
A J Copps,12,4,3,1,722.1199999999999,-322.12,-44.60754445244559
B C Smith,11,4,3,1,661.22,-261.22,-39.50576207616225
B J Thompson,8,4,3,0,521.68,-121.68,-23.32464345959209
E Chabros,9,4,3,0,534.0300000000001,-134.03,-25.097840945265244
K A Schulz,8,4,3,0,489.46000000000004,-89.46000000000001,-18.277285171413393
T J Lethaby,9,4,3,0,609.0,-209.0,-34.31855500821018
K P Cotchin,14,4,2,3,925.11,-525.11,-56.76189858503313
P X Tomkinson,9,4,2,2,531.41,-131.41000000000003,-24.728552341882924
"B W Ainsworth, A A Ainsworth",7,4,2,1,446.05,-46.050000000000004,-10.32395471359713
C M McSwain,7,4,2,1,429.48,-29.480000000000018,-6.86411474341064
D R Standen,7,4,2,1,476.23,-76.23000000000002,-16.00697142137203
Y J Zitterbart,9,4,2,1,527.39,-127.38999999999999,-24.154800053091638
A C Berg,6,4,2,0,333.09000000000003,66.91,20.08766399471614
B E Wheeler,10,4,2,0,677.46,-277.46,-40.95592359696513
G A Harding,7,4,2,0,404.26,-4.260000000000005,-1.0537772720526406
G M Donaldson,10,4,2,0,584.24,-184.23999999999998,-31.53498562234698
H P Woods,7,4,2,0,380.59000000000003,19.409999999999982,5.0999763525053154
K M Kent,6,4,2,0,415.65000000000003,-15.650000000000004,-3.76518705641766
Kent Harpley,7,4,2,0,429.95,-29.95000000000001,-6.965926270496572
S E Gaebler,8,4,2,0,461.24,-61.24000000000001,-13.27725262336311
S J Zammit,6,4,2,0,355.07000000000005,44.92999999999999,12.653842904216067
V L Brockman,6,4,2,0,373.5,26.5,7.095046854082998
F C Mercieca,8,4,1,2,504.34000000000003,-104.34,-20.688424475552207
F L McEwan,8,4,1,2,498.55999999999995,-98.56,-19.76893453145058
P I Parsons,7,4,1,2,403.96999999999997,-3.970000000000006,-0.9827462435329372
C L Rauchenberger,7,4,1,1,484.03999999999996,-84.03999999999999,-17.36220147095281
D J Grieve,7,4,1,1,391.31000000000006,8.689999999999998,2.220745700339883
G R Smith,7,4,1,1,455.40000000000003,-55.39999999999999,-12.165129556433902
J A O'Neill,6,4,1,1,359.34,40.660000000000004,11.315188957533257
J J Yeomans,7,4,1,1,412.41,-12.41000000000001,-3.0091413884241436
L M Justice,7,4,1,1,404.79,-4.789999999999999,-1.1833296277081942
V A Vallelonga,9,4,1,1,593.2,-193.20000000000005,-32.569116655428196
A G Bucca,8,4,1,0,458.55,-58.55000000000001,-12.76850943190492
A M Day,6,4,1,0,379.40999999999997,20.59,5.426846946574946
B D McElhinney,5,4,1,0,276.78000000000003,123.22,44.51911265264831
C Knox,5,4,1,0,292.24,107.75999999999999,36.8738023542294
Cran Dalgety,6,4,1,0,370.41,29.58999999999999,7.9884452363597065
D J Eurell,5,4,1,0,366.15999999999997,33.84,9.241861481319644
Estate of Dudley Bruce Warburton,5,4,1,0,290.5,109.5,37.693631669535286
G L McDermott,5,4,1,0,299.88,100.11999999999999,33.386688008536744
J Breen,6,4,1,0,349.32,50.67999999999999,14.50818733539448
Kristy Elson,6,4,1,0,427.59000000000003,-27.590000000000003,-6.452442760588414
L C Bryant,9,4,1,0,542.21,-142.21,-26.227845299791593
L E T Wallrodt,7,4,1,0,434.71000000000004,-34.71000000000001,-7.9846334337834435
M F Coulter,7,4,1,0,439.89,-39.88999999999999,-9.068176134942824
M J Painting,7,4,1,0,408.95,-8.950000000000017,-2.188531605330729
Nathan Dawson,6,4,1,0,404.24,-4.239999999999995,-1.0488818523649306
Peter Thompson,7,4,1,0,445.55,-45.55000000000001,-10.223319492761759
R G Zec,6,4,1,0,367.81,32.19000000000001,8.751801201707407
Sebastian F Steenhuis,5,4,1,0,286.93,113.06999999999998,39.40682396403303
T G Dymock,5,4,1,0,287.13,112.87,39.30972033573642
T J Fellows,5,4,1,0,295.82,104.17999999999999,35.217361909269144
T S McElhinney,5,4,1,0,277.11,122.88999999999999,44.34701021255096
W Justins,5,4,1,0,349.22999999999996,50.76999999999999,14.537697219597398
A P Higgs,6,4,0,2,460.77000000000004,-60.77000000000001,-13.188792673134103
B L Pringle,8,4,0,2,484.58,-84.58000000000001,-17.454290313260973
C A Laker,6,4,0,2,356.46000000000004,43.53999999999999,12.214554227683328
C J Fuller,8,4,0,2,489.23,-89.23000000000002,-18.238865155448362
D M Rowell,6,4,0,2,385.65999999999997,14.340000000000003,3.7183010942280776
J P Quinlan,6,4,0,2,344.20000000000005,55.79999999999997,16.21150493898895
D B P Ford,6,4,0,1,395.63,4.370000000000001,1.1045673988322424
F Nafranec,6,4,0,1,396.82,3.180000000000007,0.8013708986442233
P D Trevor-Jones,6,4,0,1,369.82,30.18,8.160726840084367
A C Johnson,4,4,0,0,248.47,151.53,60.98522960518372
C B Playle,5,4,0,0,359.28999999999996,40.709999999999994,11.330679952127808
Dylan Stratford,4,4,0,0,279.1,120.9,43.31780723754927
I D Foley,5,4,0,0,358.7,41.3,11.513799832729301
J E Collins,4,4,0,0,262.10999999999996,137.89,52.60768379687918
J F Meade,5,4,0,0,343.0,57.0,16.61807580174927
"J I Dickie, S K Kilgour",5,4,0,0,342.47,57.53,16.798551697958946
J M Warnock,5,4,0,0,326.04,73.96,22.684333210648997
J W Cassar,6,4,0,0,390.64,9.36,2.396067990989146
K D Young,4,4,0,0,242.07000000000002,157.93,65.2414590820837
L A Voak,4,4,0,0,233.92000000000002,166.07999999999998,70.9986320109439
Leeann Lee,4,4,0,0,269.51,130.48999999999998,48.417498423064075
M A Leary,4,4,0,0,269.26,130.73999999999998,48.555299710317165
M C Atkinson,5,4,0,0,336.01,63.989999999999995,19.044076069164607
M J Nutley,10,4,0,0,612.0699999999999,-212.07000000000005,-34.647997778031936
P S Kahlefeldt,6,4,0,0,377.59999999999997,22.400000000000006,5.93220338983051
Ray Green,4,4,0,0,273.05,126.95,46.49331624244644
Trista Dixon,4,4,0,0,269.57,130.43,48.384464146603854
T J Ferguson,13,3,9,1,793.28,-493.28,-62.18233158531666
H B Martin,11,3,5,0,729.93,-429.92999999999995,-58.90016850930911
Bree Evans,8,3,4,1,445.52,-145.51999999999998,-32.662955647333455
C N Angove,8,3,4,1,483.3,-183.3,-37.92675356921167
M J Bibby,8,3,4,1,513.8199999999999,-213.82,-41.61379471410222
Bryan Cousins,7,3,4,0,516.75,-216.75,-41.944847605224965
D B Miller,11,3,3,3,686.22,-386.22,-56.2822418466381
L R Hinze,8,3,3,1,482.03,-182.03,-37.76320975872871
B K Duck,8,3,3,0,550.1199999999999,-250.12,-45.46644368501419
Dennis Roche,7,3,3,0,441.97999999999996,-141.97999999999996,-32.123625503416434
J B Mitchell,8,3,3,0,490.28999999999996,-190.29,-38.81172367374411
M J Cole,6,3,3,0,331.51,-31.51000000000002,-9.504992307924352
S J Locke,7,3,3,0,393.50000000000006,-93.5,-23.761118170266833
M C Carroll,9,3,2,3,565.6600000000001,-265.65999999999997,-46.964607714881716
Martin Schrader,7,3,2,2,453.86,-153.86,-33.90032168510114
P J Costello,10,3,2,2,619.46,-319.46,-51.570722887676354
K A Davies,6,3,2,1,372.26,-72.25999999999999,-19.411164240047277
Ruth Arthur,6,3,2,1,386.09999999999997,-86.1,-22.2999222999223
B J Flaherty,6,3,2,0,369.90999999999997,-69.91,-18.89919169527723
B R Campbell,5,3,2,0,308.89,-8.89,-2.8780472012690606
C Mifsud,5,3,2,0,311.92,-11.920000000000002,-3.821492690433445
D J Xerri,6,3,2,0,399.56,-99.56,-24.917409150065073
D R Hancock,8,3,2,0,519.73,-219.73,-42.27772112442999
D W Lock,6,3,2,0,346.23,-46.230000000000004,-13.352395806255956
I J Stanley,5,3,2,0,308.81,-8.809999999999988,-2.852886888377963
J I Steer,6,3,2,0,391.51,-91.51000000000002,-23.37360476105336
J L Gadsden,5,3,2,0,321.09,-21.089999999999996,-6.568251891992899
L G McDonald,5,3,2,0,297.59000000000003,2.4100000000000037,0.8098390402903335
Lee Maddinson,5,3,2,0,302.81,-2.8100000000000023,-0.9279746375615079
M J Watt,7,3,2,0,427.36,-127.36000000000001,-29.801572444777243
N J Cahir,7,3,2,0,446.38,-146.38,-32.792687844437474
P A King,5,3,2,0,310.86,-10.86,-3.493534066782474
P S Maguire,6,3,2,0,407.03999999999996,-107.03999999999999,-26.297169811320753
Phil Williamson,7,3,2,0,488.88,-188.88,-38.635247913598434
S L Strachan,5,3,2,0,297.02,2.980000000000004,1.0032994411150777
T J Hodges,6,3,2,0,343.81,-43.809999999999995,-12.74250312672697
Blake Caruana,5,3,1,1,388.75,-88.75000000000003,-22.82958199356914
C J Beckett,5,3,1,1,320.73,-20.73000000000001,-6.463380413431861
D G Crone,6,3,1,1,411.6,-111.60000000000002,-27.11370262390671
D I Harris,6,3,1,1,333.26,-33.26,-9.980195643041469
Estate of Joshua Benjamin Dunn,5,3,1,1,298.42,1.5799999999999983,0.5294551303531928
G N Eyre,5,3,1,1,306.53,-6.530000000000008,-2.1302971976641794
J L Franklin,5,3,1,1,295.42,4.579999999999991,1.55033511610588
N W Diebert,6,3,1,1,392.84999999999997,-92.85,-23.634975181366936
R A Walker,5,3,1,1,408.02,-108.02000000000001,-26.474192441546982
R J Rolfe,5,3,1,1,286.05,13.949999999999996,4.876769795490297
S A Morris,8,3,1,1,459.57,-159.57,-34.72158757099027
A M Conroy,5,3,1,0,275.87,24.129999999999995,8.746873527386086
A Svilicich,5,3,1,0,309.12,-9.11999999999999,-2.950310559006208
C L Silver,4,3,1,0,259.96999999999997,40.03,15.397930530445821
D B Munro,4,3,1,0,230.01999999999998,69.98000000000002,30.423441439874804
G I Sayers,4,3,1,0,291.97,8.030000000000001,2.750282563277049
G J Murnane,5,3,1,0,302.68,-2.680000000000007,-0.8854235496233669
H R Cathels,4,3,1,0,254.14,45.85999999999999,18.045171952467143
Hugh Cathels,4,3,1,0,327.69,-27.689999999999998,-8.450059507461319
I K Gossage,7,3,1,0,515.84,-215.83999999999997,-41.84243176178659
J B Lane,4,3,1,0,291.0,9.0,3.0927835051546393
J W Ainsworth,5,3,1,0,292.57,7.429999999999993,2.5395631814608444
John Olds,7,3,1,0,435.43,-135.43,-31.102588246101554
K M Attard,7,3,1,0,433.15999999999997,-133.16000000000003,-30.74152738018285
Larry Nelligan,6,3,1,0,342.88,-42.88,-12.505832944470368
M J Day,5,3,1,0,339.08,-39.08,-11.525303763123746
M R S Barby,4,3,1,0,273.46000000000004,26.539999999999996,9.705258538725953
N F Jerrick,4,3,1,0,214.01,85.99000000000001,40.18036540348582
S C Garbutt,4,3,1,0,261.1,38.900000000000006,14.898506319417848
S F Ellul,4,3,1,0,221.97,78.03,35.15339910798757
S L Hardy,4,3,1,0,271.9,28.1,10.334681868333947
S M Lambert,4,3,1,0,248.28999999999996,51.71,20.826452938096583
Stephen Mark,4,3,1,0,236.35,63.65,26.930399830759466
T Ridis,4,3,1,0,260.45000000000005,39.55,15.185256287195234
Terry Coelli,4,3,1,0,298.56,1.4399999999999977,0.48231511254019216
W J Robinson,4,3,1,0,275.82,24.18,8.766586904502937
C J Conry,5,3,0,2,330.29,-30.29,-9.170728753519633
G P Jones,7,3,0,2,414.42999999999995,-114.43,-27.611418092319578
J L Gaffney,5,3,0,2,323.04999999999995,-23.05000000000001,-7.135118402724042
M White,8,3,0,2,493.92,-193.92,-39.261418853255584
R J Eddy,5,3,0,2,339.71,-39.71,-11.689382120043568
R L Maguire,8,3,0,2,490.02,-190.01999999999998,-38.77800906085466
A B O'Connor,4,3,0,1,269.46,30.540000000000006,11.33377866844801
A W Barnes,6,3,0,1,356.48,-56.48000000000002,-15.843806104129268
Bethany Manga,4,3,0,1,266.57,33.42999999999999,12.540796038563979
G W Gilbert,5,3,0,1,368.92,-68.92000000000002,-18.681556977122415
John Nicholson,4,3,0,1,279.73,20.269999999999996,7.246273192006576
K M Young,4,3,0,1,258.47,41.53,16.067628738344876
L S Manzelmann,4,3,0,1,255.89000000000001,44.11,17.237875649693226
M T Harding,4,3,0,1,247.31,52.69,21.305244430067525
Michael Sugars,4,3,0,1,229.79000000000002,70.20999999999998,30.553984072413932
N J Kliendienst,5,3,0,1,278.61,21.389999999999993,7.677398514051897
R J Poolman,5,3,0,1,351.58,-51.58,-14.670914158939643
S Edwards,4,3,0,1,235.85000000000002,64.15,27.19949120203519
A R MacDonald,4,3,0,0,256.57,43.43,16.927154382819502
Andrew Pitt,3,3,0,0,202.27,97.72999999999999,48.3166065160429
B A Stevens,4,3,0,0,267.32,32.68000000000001,12.22504863085441
B S Birch,3,3,0,0,205.49,94.51,45.99250571803981
Bianca Hooper,4,3,0,0,231.76,68.24,29.44425267518122
Brett Bunfield,3,3,0,0,175.2,124.8,71.23287671232877
Brooke Wilkins,5,3,0,0,328.72,-28.72,-8.736918958384035
C D Hoban,4,3,0,0,234.03,65.97,28.188693757210615
C Dalton,3,3,0,0,182.16,117.84,64.69038208168644
C J Maggs,4,3,0,0,243.26,56.739999999999995,23.324837622297128
C R Draper,5,3,0,0,296.22,3.779999999999994,1.2760785902369838
D B Brown,3,3,0,0,195.99,104.00999999999999,53.06903413439461
D J Ebert,5,3,0,0,292.49,7.509999999999998,2.5676091490307353
"D J White, S A White",3,3,0,0,201.68,98.32,48.75049583498611
"D P Barnes, B D Barnes",4,3,0,0,258.68,41.31999999999999,15.973403432812738
D R J Wilson,3,3,0,0,175.81,124.19,70.63875774984358
D R Perrot,3,3,0,0,225.5,74.5,33.03769401330377
D W Krafft,4,3,0,0,222.48,77.52,34.84358144552319
Estate of Gary David Hoban,3,3,0,0,173.95,126.05000000000001,72.46335153779823
Estate of Ross Stephen Ashby,3,3,0,0,229.97,70.03,30.451798060616603
F J Turner,3,3,0,0,210.32,89.68,42.639786991251434
G A Council,3,3,0,0,194.67000000000002,105.33,54.10695022345507
G A Scott,4,3,0,0,224.16,75.84,33.83297644539615
G Geeson,3,3,0,0,165.5,134.5,81.2688821752266
G P Looby,4,3,0,0,282.96999999999997,17.03,6.018305827472878
G Schembri,3,3,0,0,205.35,94.65,46.09203798392988
Graham Cox,4,3,0,0,251.88,48.12,19.10433539780848
I T Mabbott,4,3,0,0,253.18,46.82000000000001,18.492771940911606
J E Ponsonby,3,3,0,0,186.64,113.36,60.73724817831119
K S Von Duve,4,3,0,0,245.34999999999997,54.65,22.274302017525986
L P Armstrong,4,3,0,0,227.62,72.38,31.798611721289866
M C Barnes,3,3,0,0,172.6,127.4,73.81228273464659
M E Campbell,3,3,0,0,198.57999999999998,101.42,51.072615570550916
M J Dennis,3,3,0,0,196.56,103.44,52.62515262515263
M K Reed,3,3,0,0,156.54,143.46,91.64430816404754
M Laffan,3,3,0,0,160.73,139.27,86.64841659926587
M S Barry,4,3,0,0,251.23,48.77,19.412490546511165
P V McKay,5,3,0,0,320.59000000000003,-20.59000000000001,-6.422533453944293
P W Neilson,4,3,0,0,236.01000000000002,63.989999999999995,27.113257912800297
Paul Brown,5,3,0,0,366.82000000000005,-66.82000000000001,-18.21601875579303
R J Walters,4,3,0,0,263.61,36.38999999999999,13.804483896665525
Raharna McDonald,3,3,0,0,212.05,87.95,41.47606696533836
S Gangell,4,3,0,0,222.64,77.36,34.746676248652534
S L Rye,3,3,0,0,183.35,116.65,63.6214889555495
Scotty Welsh,5,3,0,0,301.17,-1.1700000000000088,-0.3884849088554666
T P Howard,4,3,0,0,304.98,-4.980000000000011,-1.6328939602596928
T R Moffat,3,3,0,0,206.44,93.56,45.320674287928696
T W Sheehy,4,3,0,0,249.19,50.809999999999995,20.390063806733817
W L Milner,4,3,0,0,231.53,68.47,29.572841532414806
Zac Pearson,3,3,0,0,173.31,126.69,73.10022503029253
B R Abbott,10,2,6,2,569.7099999999999,-369.71,-64.89441996805392
X V O'Connor,8,2,4,2,520.48,-320.48,-61.5739317553028
D M Giles,10,2,4,1,547.33,-347.33,-63.458973562567365
G N Lang,9,2,4,1,556.59,-356.59000000000003,-64.06690741838696
G R Watts,7,2,4,1,501.20000000000005,-301.2,-60.09577015163606
B M Thomson,10,2,4,0,543.75,-343.75,-63.2183908045977
"A M Golino, J A MacKinnon",11,2,3,2,714.0000000000001,-514.0,-71.98879551820727
E J Tormey,6,2,3,1,404.02,-204.01999999999998,-50.49750012375625
L T Rand,7,2,3,1,436.61999999999995,-236.62,-54.19357793962715
R L Tarbit,6,2,3,1,404.88,-204.88,-50.60264769808338
B T Hogan,6,2,3,0,336.54,-136.54,-40.571700243656025
D B Hill,5,2,3,0,350.95000000000005,-150.95000000000002,-43.011825046302896
G R Jones,6,2,3,0,374.34000000000003,-174.34,-46.572634503392635
J T Hewitt,8,2,3,0,556.71,-356.71000000000004,-64.07465287133337
P A Betts,5,2,3,0,278.13,-78.13,-28.091180383274008
Danny Curran,9,2,2,3,536.86,-336.86,-62.746339827888086
C Gusman,6,2,2,1,440.59999999999997,-240.60000000000002,-54.60735360871539
Estate of Malcolm John Charlton,6,2,2,1,399.66999999999996,-199.67000000000002,-49.95871594065105
J M Aitkenhead,5,2,2,1,351.34000000000003,-151.34,-43.07508396425115
K M Garaty,7,2,2,1,384.28000000000003,-184.27999999999997,-47.95461642552304
R F Collins,6,2,2,1,392.38,-192.38,-49.02900249757888
C C Reeves,5,2,2,0,304.35,-104.35,-34.286183670116635
E G Cain,5,2,2,0,349.46000000000004,-149.45999999999998,-42.76884335832426
K M Hayter,6,2,2,0,395.34,-195.33999999999997,-49.410633884757424
M A Jones,4,2,2,0,248.94,-48.940000000000005,-19.65935566803246
M R Hardy,4,2,2,0,233.68,-33.67999999999999,-14.412872304005475
P A Warnock,5,2,2,0,301.51,-101.50999999999999,-33.66720838446486
P Gabriel,4,2,2,0,228.5,-28.500000000000014,-12.472647702407007
R A Morrissey,6,2,2,0,377.20000000000005,-177.2,-46.97773064687168
R P James,4,2,2,0,233.68,-33.680000000000014,-14.412872304005484
Richard March,4,2,2,0,269.15,-69.14999999999999,-25.691993312279397
S E Lukac,5,2,2,0,290.18000000000006,-90.18,-31.07726238886208
S J Furey,4,2,2,0,233.19,-33.190000000000005,-14.233028860585792
S J Hardy,5,2,2,0,356.6,-156.60000000000002,-43.91475042063938
"T K Gange, J G Allan-Gange",6,2,2,0,374.09,-174.09,-46.53692961586785
W G Judd,4,2,2,0,232.13,-32.13000000000001,-13.841381984232978
B N Hanrahan,6,2,1,3,382.21999999999997,-182.22000000000003,-47.674114384385966
C R Bell,5,2,1,2,283.45,-83.44999999999999,-29.440818486505556
L E Dawson,6,2,1,2,366.4,-166.4,-45.414847161572055
Linda Hamilton,6,2,1,2,376.87,-176.87,-46.93130257117839
P J Duggan,7,2,1,2,415.28,-215.28,-51.83972259680216
A K Dunkley,4,2,1,1,239.89,-39.88999999999999,-16.628454708408018
B C Ferguson,4,2,1,1,227.37,-27.370000000000005,-12.037647886704491
C C Luca,4,2,1,1,237.49,-37.49,-15.78592782854015
D T Carroll,5,2,1,1,270.59000000000003,-70.59,-26.0874385601833
G C Pekin,4,2,1,1,239.87,-39.87,-16.621503314295243
M G Hanrahan,5,2,1,1,366.83000000000004,-166.82999999999998,-45.47883215658479
M R Boyle,4,2,1,1,257.56,-57.56,-22.34819071284361
Paul Fidge,4,2,1,1,285.08,-85.08,-29.84425424442262
R Cashman,5,2,1,1,305.26,-105.26,-34.482080849112236
T G Rue,4,2,1,1,235.1,-35.1,-14.929817099106765
T J Mortlock,4,2,1,1,236.24,-36.24000000000001,-15.34033186589909
Victor Bryers,5,2,1,1,300.33,-100.33000000000001,-33.40658608863584
A J Doherty,3,2,1,0,178.11,21.890000000000008,12.290157767671667
Andrew Stapleford,3,2,1,0,180.45,19.549999999999997,10.83402604599612
B A Cole,3,2,1,0,174.13,25.869999999999997,14.856716246482513
B L Hansen,3,2,1,0,193.42,6.579999999999998,3.4019232757729285
B T Stampalia,3,2,1,0,215.09999999999997,-15.100000000000001,-7.019990701999072
B V Hammond,3,2,1,0,190.26,9.740000000000002,5.119310417323664
C E Phatouros,3,2,1,0,173.35000000000002,26.65,15.373521776752233
C J Hunter,3,2,1,0,159.47,40.529999999999994,25.41543864049664
D H A Belford,3,2,1,0,191.57999999999998,8.420000000000002,4.395030796534086
D W Morton,4,2,1,0,238.20999999999998,-38.209999999999994,-16.0404684941858
D W Rudd,3,2,1,0,187.63,12.370000000000005,6.59276235143634
E J Sparkes,3,2,1,0,183.91,16.089999999999996,8.748844543526724
F C Cavallaro,3,2,1,0,191.68,8.32,4.340567612687813
G A Fuller,3,2,1,0,167.07999999999998,32.919999999999995,19.703136222169018
G J Betts,3,2,1,0,180.82999999999998,19.169999999999995,10.601117071282417
G M Day,3,2,1,0,178.74,21.259999999999998,11.89437171310283
Geoff Walker,3,2,1,0,179.18,20.820000000000007,11.619600401830565
I J Ward,3,2,1,0,177.98,22.019999999999996,12.372176649061691
I M Slater,3,2,1,0,206.59999999999997,-6.600000000000001,-3.194578896418201
J Kirk,4,2,1,0,247.61,-47.61,-19.227817939501634
Jaime Madruga,5,2,1,0,332.58,-132.57999999999998,-39.86409284984064
K L O'Sullivan,5,2,1,0,337.74,-137.74,-40.782850713566646
K R Laidlaw,3,2,1,0,196.25,3.75,1.910828025477707
Leigh Davis,3,2,1,0,173.1,26.9,15.540150202195264
M A Gledhill,5,2,1,0,284.0,-84.0,-29.577464788732392
M J Harris,4,2,1,0,251.54,-51.54,-20.489782937107417
M L Breen,3,2,1,0,182.63,17.36999999999999,9.511033236598582
N P Walsh,4,2,1,0,216.45,-16.450000000000003,-7.599907599907602
Nigel Frisby,3,2,1,0,182.26999999999998,17.729999999999997,9.727327590936522
P S Bryce,3,2,1,0,186.69,13.309999999999995,7.1294659596121885
R J Carberry,3,2,1,0,192.75,7.25,3.761348897535668
Reece Kaptein,3,2,1,0,175.65,24.35,13.86279533162539
Ronny Calleja,3,2,1,0,202.64,-2.6399999999999935,-1.3028030003947857
S K Woodward,3,2,1,0,176.57,23.43,13.269524834343322
T G Elliott,3,2,1,0,185.21,14.79,7.985529938988174
Ted Caruana,3,2,1,0,205.49,-5.490000000000009,-2.6716628546401324
Terry Gange,4,2,1,0,271.51,-71.50999999999999,-26.337888107252034
W T White,6,2,0,3,358.33000000000004,-158.32999999999998,-44.18552730723076
N A McCarthy,6,2,0,2,387.55,-187.55,-48.39375564443298
T J Day,5,2,0,2,298.5,-98.5,-32.99832495812395
A J German,3,2,0,1,186.94,13.060000000000002,6.986198780357335
D M Schofield,3,2,0,1,174.99,25.009999999999998,14.292245271158349
Debra Holt,3,2,0,1,190.86,9.14,4.788850466310385
E Portelli,4,2,0,1,265.14,-65.14,-24.56815267405899
G J Coelli,4,2,0,1,248.51,-48.51,-19.520341233753168
Jack MacKinnon,3,2,0,1,181.32999999999998,18.67,10.29614514972702
Kara Martens,3,2,0,1,181.8,18.199999999999996,10.011001100110008
M W Hayes,3,2,0,1,182.55,17.449999999999996,9.559024924678168
Mick Chircop,3,2,0,1,178.46,21.54,12.0699316373417
A C F Collins,4,2,0,0,280.69,-80.69,-28.74701628130678
A J Hall,2,2,0,0,115.8,84.19999999999999,72.71157167530224
A W Freeman,2,2,0,0,147.85,52.15,35.272235373689554
A Xiriha,2,2,0,0,110.1,89.9,81.65304268846504
Adam Jenkins,2,2,0,0,135.96,64.03999999999999,47.102088849661655
B C Angove,2,2,0,0,121.32,78.68,64.85328058028355
B M Jaffray,3,2,0,0,184.13,15.869999999999997,8.61891055232716
B M Lovett,3,2,0,0,223.15,-23.15,-10.374187766076629
Bernie Kelly,2,2,0,0,154.76,45.24,29.232359782889638
Bradley Costello,2,2,0,0,126.99000000000001,73.00999999999999,57.49271596188675
C A King,3,2,0,0,179.05,20.950000000000003,11.700642278693103
C J Bourke,3,2,0,0,173.2,26.799999999999997,15.473441108545034
C M Cummins,2,2,0,0,115.8,84.19999999999999,72.71157167530224
D J Gravolin,2,2,0,0,119.43,80.57,67.4621116972285
D J Rowney,5,2,0,0,313.21,-113.20999999999998,-36.145078381916285
D L Briggs,2,2,0,0,109.77000000000001,90.22999999999999,82.19914366402476
D M Brown,2,2,0,0,139.42000000000002,60.58,43.45144168698895
D M McMullen,3,2,0,0,159.31,40.69,25.541397275751677
D S Weller,2,2,0,0,125.13,74.87,59.83377287620875
David McGill,2,2,0,0,135.74,64.25999999999999,47.340503904523345
Dylan Marshall,5,2,0,0,266.64,-66.64,-24.992499249924993
Eddie Galea,2,2,0,0,138.82,61.18,44.07145944388417
G A Dorn,2,2,0,0,138.89,61.11,43.998848009215926
"G A Rogerson, D P Ferguson",2,2,0,0,141.86,58.14,40.98406880022557
G P Freeman,2,2,0,0,123.81,76.19,61.537840239076004
G R Collins,2,2,0,0,105.26,94.74,90.00570017100512
G R Shepherdson,3,2,0,0,171.8,28.200000000000003,16.41443538998836
G R Whittle,2,2,0,0,113.24000000000001,86.75999999999999,76.61603673613563
Garry Connor,3,2,0,0,206.39,-6.390000000000001,-3.096080236445565
Gary Hill,3,2,0,0,222.42000000000002,-22.419999999999995,-10.08002877439079
Greg Minns,2,2,0,0,128.57,71.43,55.55728396982189
H F Szczypka,2,2,0,0,122.71000000000001,77.28999999999999,62.98590171950125
H Hancock,2,2,0,0,129.09,70.91,54.93066852583468
H M Scott,2,2,0,0,120.72,79.28,65.6726308813784
I K Watson,2,2,0,0,120.08,79.91999999999999,66.55562958027981
J A Doherty,2,2,0,0,126.99000000000001,73.00999999999999,57.49271596188675
J B Ogden,3,2,0,0,162.47,37.53,23.099649165999878
J E Strohschon,2,2,0,0,108.19,91.81,84.85996857380535
J I Stanford,3,2,0,0,168.43,31.57,18.74369174137624
J J Farrugia,3,2,0,0,164.08,35.919999999999995,21.891760117016084
J M Anderson,2,2,0,0,139.11,60.89,43.7711163827187
J M Woodham-Murdoch,3,2,0,0,206.03,-6.030000000000001,-2.926758239091395
J P Thornton,3,2,0,0,172.0,28.0,16.27906976744186
J T Newman,3,2,0,0,207.15999999999997,-7.159999999999997,-3.456265688356824
J T Walker,3,2,0,0,178.9,21.099999999999987,11.794298490776962
Jamie Williams,3,2,0,0,178.12,21.879999999999995,12.283853581854927
K A Stuart-Mitchell,5,2,0,0,299.39,-99.39,-33.19750158655934
K R Larpent,3,2,0,0,199.77999999999997,0.21999999999999176,0.11012113324656712
K W Talent,3,2,0,0,192.7,7.299999999999997,3.7882719252724426
Kevin Egerton-Green,2,2,0,0,132.35,67.65,51.114469210426904
Kristy Sheehy,2,2,0,0,127.78999999999999,72.21000000000001,56.5067689177557
L A Brennan,2,2,0,0,148.05,51.95,35.089496791624455
L D Battle,2,2,0,0,147.25,52.75,35.82342954159593
L J Hart,4,2,0,0,237.18,-37.18000000000001,-15.67585799814487
L M Walton,2,2,0,0,120.25,79.75,66.32016632016632
Luke Kilduff,2,2,0,0,127.02,72.97999999999999,57.45551881593449
M C Rolfe,2,2,0,0,146.62,53.379999999999995,36.40703860319192
M J Dornauf,2,2,0,0,108.19,91.81,84.85996857380535
"M J Wallis, B P Hackett",3,2,0,0,214.76,-14.759999999999998,-6.872788228720432
M J Whelan,2,2,0,0,114.38,85.62,74.85574401119078
M L Wight,2,2,0,0,131.20999999999998,68.78999999999999,52.42740644767929
M T Purcell,2,2,0,0,124.53,75.47,60.60387055328034
Michael Cornwall,2,2,0,0,127.58,72.42,56.764383132152375
N K Dawson,3,2,0,0,172.94,27.059999999999995,15.647045217994679
N S Hatcher,2,2,0,0,128.57,71.43,55.55728396982189
N W Rattray,3,2,0,0,181.8,18.199999999999996,10.011001100110008
N W Thompson,2,2,0,0,147.57,52.43,35.52890153825303
P A Cavallaro,2,2,0,0,152.11,47.89,31.4837946223128
P D Symes,3,2,0,0,190.19,9.810000000000002,5.157999894842001
P J Arthur,2,2,0,0,130.67000000000002,69.33,53.05731996632738
R L Arentz,2,2,0,0,122.23,77.77,63.625951075840625
R S Shepherd,2,2,0,0,140.79,59.21,42.05554371759358
Rick Burnett,2,2,0,0,105.26,94.74,90.00570017100512
Rodney Clarke,2,2,0,0,108.19,91.81,84.85996857380535
S A Hall,2,2,0,0,111.45,88.55,79.4526693584567
S C Boyington,3,2,0,0,165.17000000000002,34.83,21.087364533510925
S D Coombs,2,2,0,0,111.89,88.11,78.746983644651
S M Grace,2,2,0,0,126.69999999999999,73.3,57.85319652722968
S W Richards,3,2,0,0,193.69,6.310000000000002,3.2577830553978018
Shaun McNaulty,2,2,0,0,130.25,69.75,53.550863723608444
Stephen A'Court,2,2,0,0,112.7,87.3,77.46228926353149
T B N Reed,2,2,0,0,127.28,72.72,57.13387806411062
T M Callaghan,2,2,0,0,117.95,82.05,69.56337431114878
T R Judd,4,2,0,0,290.27000000000004,-90.27000000000001,-31.09863230785131
T S Prest,2,2,0,0,135.74,64.25999999999999,47.340503904523345
W A Watterson,3,2,0,0,185.81,14.189999999999998,7.636833324363596
W R Moore,2,2,0,0,140.79,59.21,42.05554371759358
W S Ross,2,2,0,0,136.94,63.06,46.04936468526362
Wayne Sullivan,2,2,0,0,120.72,79.28,65.6726308813784
J C Booth,8,1,5,1,447.51,-347.51,-77.6541306339523
B J Davis,5,1,4,0,301.9,-201.9,-66.87644915534946
B W Barnes,5,1,4,0,312.18,-212.18,-67.96719841117304
A D Millard,6,1,3,1,419.12000000000006,-319.12,-76.14048482534834
L A Hosking,5,1,3,1,296.49,-196.49,-66.27204964754291
"M J Schrader, B L Smith",6,1,3,1,365.36,-265.36,-72.62973505583534
C A Latter,5,1,3,0,277.32,-177.32,-63.94057406606086
D M Belford,5,1,3,0,327.26,-227.26,-69.44325612662715
C Bagnato,7,1,2,2,399.79,-299.79,-74.98686810575552
G J Lyon,5,1,2,2,292.28999999999996,-192.29,-65.7874029217558
R J Caruso,6,1,2,2,364.28999999999996,-264.28999999999996,-72.54934255675423
B W Ainsworth,4,1,2,1,232.51,-132.51,-56.991097157111525
B W Muscat,5,1,2,1,285.41,-185.41,-64.96268525980167
Kima Frenning,4,1,2,1,283.88,-183.88,-64.77384810483304
P L Dornauf,4,1,2,1,253.23000000000002,-153.23000000000002,-60.510208111203255
A Ruokonen,3,1,2,0,208.62,-108.61999999999999,-52.06595724283386
C D Salter,4,1,2,0,286.21000000000004,-186.21,-65.0606198246043
C McElhinney,3,1,2,0,181.93,-81.93,-45.0338042104106
D B Van Ryn,6,1,2,0,429.48,-329.48,-76.71602868585265
"D T Norris, G A Norris",3,1,2,0,170.27,-70.27000000000001,-41.269748047219124
E P O'Shea,4,1,2,0,234.46999999999997,-134.47,-57.350620548471035
E S Bailey,3,1,2,0,176.44,-76.44,-43.32350940829744
G T Picker,3,1,2,0,217.38,-117.38,-53.99760787560953
Kerry Green,3,1,2,0,162.4,-62.400000000000006,-38.423645320197046
L P Prothero,8,1,2,0,509.12,-409.12,-80.35826524198617
M L McMahon,4,1,2,0,218.29,-118.28999999999999,-54.18938109853863
P P Borrelli,5,1,2,0,297.96,-197.96,-66.43844811384079
R I Connelly,3,1,2,0,173.99,-73.99000000000001,-42.525432496120466
R L Brown,4,1,2,0,234.76999999999998,-134.77,-57.40511990458748
T J Stone,3,1,2,0,176.09,-76.09,-43.21085808393435
A C Duggan,7,1,1,2,279.99,-179.99,-64.28443872995464
C D Saligari,4,1,1,2,268.69,-168.69,-62.78238862629797
C J Feast,4,1,1,2,270.37,-170.37,-63.01364796390132
J C Wegner,4,1,1,2,243.95999999999998,-143.95999999999998,-59.009673717002784
L J Justice,5,1,1,2,288.61,-188.60999999999999,-65.35116593326634
P W Mitchell,5,1,1,2,289.72,-189.72,-65.48391550462514
B R Pattison,3,1,1,1,180.42,-80.42,-44.57377230905665
D J Cormick,3,1,1,1,173.31,-73.31,-42.299924989902486
D J Mullan,4,1,1,1,237.87,-137.87,-57.96023037793753
E J Jepsen,4,1,1,1,238.19,-138.19,-58.01670934967883
G R Barton,3,1,1,1,231.7,-131.7,-56.84074233923177
G W Sharp,6,1,1,1,340.8,-240.8,-70.65727699530517
K J Downey,4,1,1,1,256.54,-156.54000000000002,-61.01972401964606
L M Rogers,3,1,1,1,219.34999999999997,-119.34999999999998,-54.410759060861636
P T Salathiel,3,1,1,1,162.73,-62.730000000000004,-38.54851594666012
R C Abercromby,4,1,1,1,265.05,-165.05,-62.27126957177891
R P Gillie,3,1,1,1,202.41,-102.41,-50.59532631786967
S R Loftus,4,1,1,1,236.04,-136.04,-57.63429927130994
S Steele,3,1,1,1,181.8,-81.80000000000001,-44.994499449944996
Scott Pascoe,5,1,1,1,295.17,-195.17000000000002,-66.12121828099062
T D Hancock,3,1,1,1,170.71,-70.71000000000001,-41.42112354285045
A D Piltz,4,1,1,0,242.04000000000002,-142.04000000000002,-58.68451495620559
A J Penno,2,1,1,0,120.08,-20.080000000000005,-16.7221852098601
A J Rattray,3,1,1,0,182.75,-82.75,-45.280437756497946
A L Smith,2,1,1,0,108.1,-8.099999999999994,-7.493061979648469
A R Bellach,2,1,1,0,121.6,-21.6,-17.763157894736846
A X O'Connor,2,1,1,0,153.72,-53.72,-34.94665625813167
Ash Perks,4,1,1,0,242.59,-142.59,-58.77818541572199
B G Chinnery,2,1,1,0,125.13,-25.129999999999995,-20.083113561895626
B L Morgan,2,1,1,0,121.6,-21.6,-17.763157894736846
B R Whiteman,2,1,1,0,115.96000000000001,-15.96,-13.763366678164884
B Tune,2,1,1,0,105.33,-5.329999999999998,-5.06028671793411
Brett Cargill,2,1,1,0,131.28,-31.28,-23.826934795856186
C A Viney,3,1,1,0,165.5,-65.5,-39.577039274924466
C Farrugia,2,1,1,0,106.84,-6.840000000000003,-6.402096593036319
Caleb Lewis,2,1,1,0,106.68,-6.68,-6.261717285339332
Chelsea Collins,2,1,1,0,124.06,-24.06000000000001,-19.393841689505084
Chris McPherson,2,1,1,0,123.02,-23.019999999999996,-18.712404487075272
D G White,4,1,1,0,284.93,-184.93,-64.90366054820483
D Maricic,4,1,1,0,233.55,-133.55,-57.18261614215372
Estate of Garry Bernard Elliott,2,1,1,0,137.53,-37.53,-27.288591580018906
Estate of Noela Krafft,2,1,1,0,105.26,-5.260000000000005,-4.99714991449744
G J Williams,2,1,1,0,108.19,-8.190000000000005,-7.570015713097334
G Mauro,2,1,1,0,124.06,-24.060000000000002,-19.393841689505077
G W Hartman,4,1,1,0,229.2,-129.2,-56.36998254799301
I D Miles,3,1,1,0,179.3,-79.30000000000001,-44.22755158951478
Ian Abraham,3,1,1,0,215.81,-115.81,-53.66294425652194
J C Milentis,2,1,1,0,112.7,-12.700000000000003,-11.268855368234252
J D Suvaljko,2,1,1,0,121.66,-21.660000000000004,-17.803715272069706
J F Oldroyd,2,1,1,0,112.87,-12.869999999999997,-11.402498449543721
J R Sutton,2,1,1,0,135.96,-35.96,-26.448955575169165
J S Vernon,3,1,1,0,179.37,-79.37,-44.24931705413391
Jeff McLean,2,1,1,0,139.59,-39.589999999999996,-28.361630489290064
Justin Brewin,4,1,1,0,273.62,-173.62,-63.45296396462247
Katie Wilson,3,1,1,0,181.04000000000002,-81.03999999999999,-44.763588157313286
Luke Whittaker,2,1,1,0,123.34,-23.340000000000003,-18.923301443165236
M A Teuma,3,1,1,0,171.36,-71.36000000000001,-41.643323996265174
M C Norman,2,1,1,0,128.57,-28.57,-22.221358015089056
M H Phillips,2,1,1,0,124.53,-24.53,-19.698064723359835
M J Mifsud,2,1,1,0,119.30000000000001,-19.300000000000004,-16.177703269069575
M M Riseley,2,1,1,0,144.85000000000002,-44.85,-30.963065239903344
Mostyn Clinton,3,1,1,0,188.9,-88.9,-47.06193753308629
N J Lear,3,1,1,0,172.62,-72.61999999999999,-42.06928513497856
N M Hargraves,3,1,1,0,172.06,-72.06,-41.8807392769964
N S Townsend,3,1,1,0,225.19,-125.19,-55.5930547537635
Neville Hargraves,2,1,1,0,133.49,-33.49,-25.088021574649787
Norm Copeland,4,1,1,0,230.49,-130.49,-56.61416981213936
P G Ryan,2,1,1,0,121.32,-21.32,-17.573359709858227
P J Brown,2,1,1,0,114.38,-14.380000000000003,-12.57212799440462
P J Lew,2,1,1,0,110.1,-10.100000000000001,-9.173478655767486
Paddy Meade,2,1,1,0,135.74,-35.74,-26.32974804773832
R Geurds,2,1,1,0,114.28,-14.280000000000001,-12.495624781239064
R J Brewer,3,1,1,0,196.64000000000001,-96.64000000000001,-49.14564686737185
R J Comben,2,1,1,0,128.12,-28.11999999999999,-21.948173587261934
R J Markey,3,1,1,0,173.51,-73.51,-42.36643421128466
R J O'Connell,3,1,1,0,180.82999999999998,-80.83,-44.69944146435879
R P Blythe,3,1,1,0,178.12,-78.12,-43.858073209072536
R P Morris,2,1,1,0,152.35,-52.35,-34.36166721365277
R T Woodley,3,1,1,0,179.54000000000002,-79.53999999999999,-44.30210538041661
R W Maguire,2,1,1,0,114.28,-14.280000000000001,-12.495624781239064
S B Cleave,5,1,1,0,276.18,-176.18,-63.79173003113912
S J Rains,2,1,1,0,119.30000000000001,-19.300000000000004,-16.177703269069575
S J Turnbull,2,1,1,0,116.55,-16.549999999999997,-14.199914199914199
S M Osborn,3,1,1,0,199.15,-99.15,-49.78659302033643
S P Conroy,3,1,1,0,173.99,-73.99000000000001,-42.525432496120466
S P Hallcroft,2,1,1,0,103.91,-3.9100000000000037,-3.7628717159080014
T E Pullicino,4,1,1,0,238.73000000000002,-138.73,-58.11167427637917
T F Atkins,2,1,1,0,127.58,-27.58,-21.61780843392381
Tom Groves,2,1,1,0,115.8,-15.799999999999997,-13.644214162348876
W J Whyte,2,1,1,0,133.49,-33.489999999999995,-25.088021574649783
T F Patching,4,1,0,2,227.62,-127.62,-56.067129426236704
A R Bertwistle,7,1,0,1,432.96,-332.96,-76.90317812269032
A R Stenhouse,2,1,0,1,111.19,-11.189999999999998,-10.063854663189135
Adriana McAuliffe,2,1,0,1,124.06,-24.060000000000002,-19.393841689505077
B D Curran,2,1,0,1,137.94,-37.94,-27.50471219370741
B Shipway,2,1,0,1,119.64,-19.64,-16.415914409896356
D G Ingold,2,1,0,1,117.64,-17.64,-14.994899693981639
Darren Richardson,2,1,0,1,126.99000000000001,-26.99000000000001,-21.253642019056624
David Kemp,2,1,0,1,143.59,-43.59,-30.357267219165685
Douglas Nettlefold,2,1,0,1,160.25,-60.25,-37.597503900156006
E Brechin,2,1,0,1,121.66,-21.659999999999997,-17.803715272069702
G L Hutton,3,1,0,1,199.55,-99.55000000000001,-49.887246304184416
G M Howard,3,1,0,1,174.29000000000002,-74.29,-42.62436169602387
"G M Moss, D M Wicks-Moss",2,1,0,1,110.1,-10.100000000000001,-9.173478655767486
G T Mossman,2,1,0,1,113.24000000000001,-13.240000000000002,-11.69198163193218
Ian Campbell,2,1,0,1,133.34,-33.34,-25.003749812509373
J B O'Connor,3,1,0,1,166.41,-66.41,-39.90745748452617
J D Cremin,2,1,0,1,127.02,-27.019999999999996,-21.272240592032748
J G McLean,3,1,0,1,165.94,-65.94,-39.7372544293118
J P Galea,2,1,0,1,133.49,-33.489999999999995,-25.088021574649783
J R Clyburn,2,1,0,1,106.84,-6.840000000000003,-6.402096593036319
K E MacLeod,3,1,0,1,180.42,-80.42,-44.57377230905665
M E Higgins,2,1,0,1,124.06,-24.060000000000002,-19.393841689505077
M J Howie,3,1,0,1,180.48000000000002,-80.47999999999999,-44.59219858156027
M L Charman,2,1,0,1,106.84,-6.840000000000003,-6.402096593036319
Molly Turton,2,1,0,1,127.28,-27.28,-21.43306096794469
N L Cameron,2,1,0,1,127.82,-27.820000000000004,-21.764982005945864
R Debono,2,1,0,1,127.78999999999999,-27.79,-21.746615541122154
R V Villiva,2,1,0,1,112.87,-12.869999999999997,-11.402498449543721
R W Crowe,3,1,0,1,214.68,-114.67999999999999,-53.41904229550959
S J Benham,2,1,0,1,119.64,-19.64,-16.415914409896356
S L Towns,3,1,0,1,179.85,-79.85,-44.39810953572421
"S M Walker, A D Walker",3,1,0,1,168.8,-68.80000000000001,-40.75829383886256
T W Allamby,3,1,0,1,178.3,-78.30000000000001,-43.91475042063938
W F White,3,1,0,1,182.88,-82.88,-45.31933508311461
Waylon Hornhardt,2,1,0,1,116.55,-16.549999999999997,-14.199914199914199
A C Treasure,1,1,0,0,64.52,35.48,54.99070055796652
A F Lousada,1,1,0,0,52.63,47.37,90.00570017100512
A G Bond,1,1,0,0,81.97,18.03,21.995852141027207
A J Azzopardi,1,1,0,0,54.05,45.95,85.01387604070307
A J Logie,2,1,0,0,127.78999999999999,-27.79,-21.746615541122154
A S Cargill,1,1,0,0,81.97,18.03,21.995852141027207
A Scott,1,1,0,0,71.43,28.57,39.997200055998874
A T Ward,1,1,0,0,74.07,25.93,35.00742540839747
Adam Sanderson,1,1,0,0,64.52,35.48,54.99070055796652
Alex Johnstone,1,1,0,0,54.05,45.95,85.01387604070307
Allan Sanders,2,1,0,0,116.17,-16.17,-13.919256262374107
Andrew Gray,1,1,0,0,52.63,47.37,90.00570017100512
Ashley Hart,1,1,0,0,85.47,14.53,17.000117000116997
B A Johnstone,1,1,0,0,62.5,37.5,60.0
B J Abbott,1,1,0,0,71.43,28.57,39.997200055998874
B J Stokes,1,1,0,0,62.5,37.5,60.0
B K Parker,1,1,0,0,60.61,39.39,64.98927569707969
B W Bourke,1,1,0,0,52.63,47.37,90.00570017100512
Ben Weidenbach,1,1,0,0,62.5,37.5,60.0
Bill Drury,1,1,0,0,84.75,15.25,17.99410029498525
Bill Galea,1,1,0,0,71.43,28.57,39.997200055998874
Bradley Sims,1,1,0,0,51.28,48.72,95.00780031201248
Brian Kiesey,1,1,0,0,51.28,48.72,95.00780031201248
Brian McKelvie,1,1,0,0,55.56,44.44,79.98560115190784
C E Fliedner,2,1,0,0,138.82,-38.82,-27.964270278057917
C J Mizzi,1,1,0,0,52.63,47.37,90.00570017100512
C J Petroff,1,1,0,0,71.43,28.57,39.997200055998874
C L Welsh,1,1,0,0,51.28,48.72,95.00780031201248
C O Eldridge,2,1,0,0,112.7,-12.700000000000003,-11.268855368234252
C P Martin,1,1,0,0,52.63,47.37,90.00570017100512
C R Pearce,3,1,0,0,159.38,-59.379999999999995,-37.25687037269419
"C T Dalgety, C M Dalgety",1,1,0,0,64.52,35.48,54.99070055796652
C W Joss,3,1,0,0,205.4,-105.4,-51.3145082765336
Cameron Mills,1,1,0,0,80.65,19.35,23.99256044637322
Christine Worrall,1,1,0,0,68.97,31.03,44.99057561258518
Colin Sanders,1,1,0,0,80.0,20.0,25.0
D A Williams,1,1,0,0,51.28,48.72,95.00780031201248
D C Schmetzer,1,1,0,0,75.19,24.81,32.99640909695438
D E Kaa,1,1,0,0,55.56,44.44,79.98560115190784
D J Grant,2,1,0,0,110.1,-10.100000000000001,-9.173478655767486
D J Mahar,1,1,0,0,55.56,44.44,79.98560115190784
D J Pitt,1,1,0,0,52.63,47.37,90.00570017100512
D L Russell,1,1,0,0,74.63,25.37,33.994372236366075
D N Dale,1,1,0,0,62.5,37.5,60.0
D P Hill,1,1,0,0,57.14,42.86,75.00875043752188
D P Mackney,2,1,0,0,153.31,-53.31,-34.772682799556456
D P Paton,4,1,0,0,292.18,-192.18,-65.77452255458964
D R Roberts,2,1,0,0,128.57,-28.57,-22.221358015089056
D R Sarina,2,1,0,0,143.94,-43.94,-30.526608309017643
D T McIntyre,1,1,0,0,83.33,16.67,20.004800192007682
D T Nunn,1,1,0,0,66.67,33.33,49.99250037498125
Damien McKelvie,1,1,0,0,55.56,44.44,79.98560115190784
David Lindon,1,1,0,0,55.56,44.44,79.98560115190784
Derek Harrington,1,1,0,0,71.43,28.57,39.997200055998874
Dick Eaves,2,1,0,0,128.2,-28.200000000000003,-21.99687987519501
Don Gee,1,1,0,0,76.92,23.08,30.00520020800832
Doug Manger,1,1,0,0,74.07,25.93,35.00742540839747
E D Cochrane,1,1,0,0,68.97,31.03,44.99057561258518
E J Johnson,3,1,0,0,170.92000000000002,-70.92,-41.49309618534987
E L J Conroy,1,1,0,0,54.05,45.95,85.01387604070307
Emily Wombwell,1,1,0,0,58.82,41.18,70.01020061203673
F M Reinke,1,1,0,0,57.14,42.86,75.00875043752188
G B Butler,1,1,0,0,64.52,35.48,54.99070055796652
G C Duncan,1,1,0,0,62.5,37.5,60.0
G F Bullock,1,1,0,0,51.28,48.72,95.00780031201248
G H Williams,1,1,0,0,55.56,44.44,79.98560115190784
G Harris,1,1,0,0,60.61,39.39,64.98927569707969
G J Michael,1,1,0,0,52.63,47.37,90.00570017100512
G J Vernon,1,1,0,0,54.05,45.95,85.01387604070307
G O Schofield,1,1,0,0,68.97,31.03,44.99057561258518
G Rigoli,2,1,0,0,119.64,-19.64,-16.415914409896356
G T Dodd,1,1,0,0,54.05,45.95,85.01387604070307
Gary Merkel,1,1,0,0,58.82,41.18,70.01020061203673
Gary Payne,1,1,0,0,58.82,41.18,70.01020061203673
Glenn Cummings,1,1,0,0,62.5,37.5,60.0
Glenn Schiller,1,1,0,0,54.05,45.95,85.01387604070307
Grace Harmey,1,1,0,0,62.5,37.5,60.0
Graham Rutherford,1,1,0,0,58.82,41.18,70.01020061203673
Grant Campbell,1,1,0,0,62.5,37.5,60.0
Hayden Barnes,1,1,0,0,86.96,13.04,14.995400183992642
J Attard,1,1,0,0,66.67,33.33,49.99250037498125
J D Graham,1,1,0,0,58.82,41.18,70.01020061203673
J E Steele,1,1,0,0,51.28,48.72,95.00780031201248
J F Kerr,2,1,0,0,106.68,-6.68,-6.261717285339332
J F Murphy,1,1,0,0,54.05,45.95,85.01387604070307
J G Brown,1,1,0,0,52.63,47.37,90.00570017100512
J L Guagliardo,1,1,0,0,58.82,41.18,70.01020061203673
J M Kendall,2,1,0,0,126.99000000000001,-26.99000000000001,-21.253642019056624
J P Bates,1,1,0,0,62.5,37.5,60.0
J R Cakebread,1,1,0,0,55.56,44.44,79.98560115190784
J Russo,1,1,0,0,55.56,44.44,79.98560115190784
J T Wheeler,1,1,0,0,52.63,47.37,90.00570017100512
J W Rees,1,1,0,0,62.5,37.5,60.0
J W Vautin,1,1,0,0,68.97,31.03,44.99057561258518
Jessica Prior,1,1,0,0,57.14,42.86,75.00875043752188
Jody Bryant,1,1,0,0,89.29,10.71,11.994624258035614
Jody McLaughlin,2,1,0,0,121.32,-21.32,-17.573359709858227
Jonathon Kingston-Mayne,2,1,0,0,130.25,-30.250000000000007,-23.224568138195785
K A Medlyn,1,1,0,0,76.92,23.08,30.00520020800832
K A Tindale,1,1,0,0,58.82,41.18,70.01020061203673
K C Covington,1,1,0,0,57.14,42.86,75.00875043752188
K E Frost,1,1,0,0,55.56,44.44,79.98560115190784
K Evans,1,1,0,0,57.14,42.86,75.00875043752188
K G Whelan,1,1,0,0,60.61,39.39,64.98927569707969
K H Pratt,1,1,0,0,62.5,37.5,60.0
K L Hillier,1,1,0,0,58.82,41.18,70.01020061203673
K L Linsell,1,1,0,0,60.61,39.39,64.98927569707969
K Pickering,2,1,0,0,125.0,-25.0,-20.0
K W Taylor,1,1,0,0,58.82,41.18,70.01020061203673
Kayla Trewenack,3,1,0,0,184.18,-84.18,-45.7052883049191
Ken Davies,1,1,0,0,55.56,44.44,79.98560115190784
Kerry O'Riley,1,1,0,0,68.97,31.03,44.99057561258518
Kevin Annetts,1,1,0,0,51.28,48.72,95.00780031201248
Kevin Joiner,1,1,0,0,54.05,45.95,85.01387604070307
Kevin Wheatley,1,1,0,0,54.05,45.95,85.01387604070307
Kyle Harper,3,1,0,0,192.94,-92.94,-48.1704156732663
L A Fanning,1,1,0,0,52.63,47.37,90.00570017100512
L Bramble,1,1,0,0,51.28,48.72,95.00780031201248
L Hancock,1,1,0,0,83.33,16.67,20.004800192007682
L J Franc,1,1,0,0,57.14,42.86,75.00875043752188
L J Walls,1,1,0,0,80.0,20.0,25.0
L M Alcorn,1,1,0,0,55.56,44.44,79.98560115190784
L M Fitzpatrick,1,1,0,0,75.19,24.81,32.99640909695438
L M Osborn,1,1,0,0,64.52,35.48,54.99070055796652
L T Cain,1,1,0,0,81.97,18.03,21.995852141027207
L V Lynch,1,1,0,0,51.28,48.72,95.00780031201248
Laurie O'Keeffe,1,1,0,0,51.28,48.72,95.00780031201248
Lisa Hardy,1,1,0,0,64.52,35.48,54.99070055796652
Lloyd Sutton,2,1,0,0,122.23,-22.230000000000004,-18.187024462079687
Luke Stapleton,1,1,0,0,52.63,47.37,90.00570017100512
M A Herbert,1,1,0,0,55.56,44.44,79.98560115190784
M A Vlemmix,2,1,0,0,117.95,-17.950000000000003,-15.218312844425604
M D Retallick,3,1,0,0,178.12,-78.12,-43.858073209072536
M G Gath,2,1,0,0,103.91,-3.9100000000000037,-3.7628717159080014
M Heer,1,1,0,0,71.43,28.57,39.997200055998874
M J Hutchings,2,1,0,0,131.20999999999998,-31.209999999999994,-23.786296776160356
M J Newberry,1,1,0,0,60.61,39.39,64.98927569707969
M J Prest,3,1,0,0,165.66,-65.66,-39.63539780272848
M J Ray,1,1,0,0,55.56,44.44,79.98560115190784
M K Kittel,2,1,0,0,119.30000000000001,-19.300000000000004,-16.177703269069575
M L Dawson,1,1,0,0,55.56,44.44,79.98560115190784
M L Phillips,2,1,0,0,123.81,-23.810000000000002,-19.231079880461998
M M Maguire,1,1,0,0,55.56,44.44,79.98560115190784
M P Azzopardi,2,1,0,0,105.33,-5.329999999999998,-5.06028671793411
M S Beecroft,1,1,0,0,76.92,23.08,30.00520020800832
M W Smith,1,1,0,0,58.82,41.18,70.01020061203673
M Youkhana,1,1,0,0,51.28,48.72,95.00780031201248
Marianne Boyd,1,1,0,0,72.46,27.54,38.00717637317141
Mark Yole,1,1,0,0,54.05,45.95,85.01387604070307
Matt Cormick,1,1,0,0,52.63,47.37,90.00570017100512
Matt Cuthbert,1,1,0,0,71.43,28.57,39.997200055998874
Matthew Harding,1,1,0,0,54.05,45.95,85.01387604070307
Matthew Martin,3,1,0,0,181.05,-81.05,-44.76663904998619
Mervyn Jupp,1,1,0,0,55.56,44.44,79.98560115190784
Michael Pay,1,1,0,0,71.43,28.57,39.997200055998874
Michelle McGinty,1,1,0,0,68.97,31.03,44.99057561258518
Murray Sullivan,1,1,0,0,57.14,42.86,75.00875043752188
N A O'Connor,1,1,0,0,52.63,47.37,90.00570017100512
N C Dymock,1,1,0,0,66.67,33.33,49.99250037498125
N J Anderson,1,1,0,0,68.97,31.03,44.99057561258518
Neil Coy,5,1,0,0,308.54,-208.54000000000002,-67.58929150191223
O C Martin,1,1,0,0,66.67,33.33,49.99250037498125
P A Badenoch,1,1,0,0,54.05,45.95,85.01387604070307
P A Hodgson,1,1,0,0,62.5,37.5,60.0
P Buhagiar,1,1,0,0,54.05,45.95,85.01387604070307
P C Willis,1,1,0,0,62.5,37.5,60.0
P E Attard,1,1,0,0,52.63,47.37,90.00570017100512
P E Medhurst,1,1,0,0,100.0,0.0,0.0
P E Petricevich,3,1,0,0,208.49,-108.49,-52.036068876205086
P I Ellery,1,1,0,0,54.05,45.95,85.01387604070307
P J Hall,3,1,0,0,200.97,-100.97,-50.241329551674376
P J Lindberg,2,1,0,0,106.68,-6.68,-6.261717285339332
P J Marsh,1,1,0,0,87.72,12.28,13.99908800729594
P L Phillips,1,1,0,0,62.5,37.5,60.0
P N Thurston,1,1,0,0,62.5,37.5,60.0
P Shipley,1,1,0,0,55.56,44.44,79.98560115190784
P T Carlson,2,1,0,0,105.33,-5.329999999999998,-5.06028671793411
Paul Melham,1,1,0,0,71.43,28.57,39.997200055998874
Paul Sapio,1,1,0,0,57.14,42.86,75.00875043752188
Peter Donohoe,1,1,0,0,57.14,42.86,75.00875043752188
Peter Newton,1,1,0,0,80.0,20.0,25.0
Peter Tanti,1,1,0,0,64.52,35.48,54.99070055796652
R A Atkins,2,1,0,0,119.64,-19.64,-16.415914409896356
R C Pullen,3,1,0,0,173.51,-73.51,-42.36643421128466
R D Aldons,2,1,0,0,127.78999999999999,-27.79,-21.746615541122154
R J Anderson,2,1,0,0,129.17000000000002,-29.17,-22.582643028567002
R J Campbell,1,1,0,0,84.75,15.25,17.99410029498525
R J Munnoch,1,1,0,0,86.96,13.04,14.995400183992642
R J Young,1,1,0,0,51.28,48.72,95.00780031201248
R L Williams,1,1,0,0,55.56,44.44,79.98560115190784
R M Ryan,4,1,0,0,222.85000000000002,-122.85000000000002,-55.12676688355397
R S Eyre,1,1,0,0,55.56,44.44,79.98560115190784
R W Flannery,2,1,0,0,145.17000000000002,-45.17000000000001,-31.115244196459322
Ray Harvey,2,1,0,0,111.45,-11.450000000000003,-10.273665320771649
Rick Holmes,1,1,0,0,52.63,47.37,90.00570017100512
Robert King,1,1,0,0,58.82,41.18,70.01020061203673
Roma Pocock,1,1,0,0,52.63,47.37,90.00570017100512
Russell Lees,1,1,0,0,52.63,47.37,90.00570017100512
Russell Smith,1,1,0,0,75.76,24.24,31.995776135163673
S A E Elliott,1,1,0,0,51.28,48.72,95.00780031201248
S B Baker,1,1,0,0,55.56,44.44,79.98560115190784
S C Cocks,1,1,0,0,83.33,16.67,20.004800192007682
S D Rothacker,1,1,0,0,52.63,47.37,90.00570017100512
S E Dowton,1,1,0,0,51.28,48.72,95.00780031201248
S G Simms,1,1,0,0,55.56,44.44,79.98560115190784
S J Borg,2,1,0,0,106.84,-6.840000000000003,-6.402096593036319
S J Glasby,1,1,0,0,55.56,44.44,79.98560115190784
S J Harris,1,1,0,0,76.92,23.08,30.00520020800832
S J McKinlay,1,1,0,0,83.33,16.67,20.004800192007682
S Lenardi,1,1,0,0,52.63,47.37,90.00570017100512
S Pangrazio,1,1,0,0,52.63,47.37,90.00570017100512
S T Jones,1,1,0,0,54.05,45.95,85.01387604070307
S Wade,1,1,0,0,64.52,35.48,54.99070055796652
Sonia Mahar,1,1,0,0,78.12,21.88,28.00819252432155
Stephen Carn,1,1,0,0,74.07,25.93,35.00742540839747
Stephen Telfer,1,1,0,0,76.92,23.08,30.00520020800832
Steven Reid,1,1,0,0,58.82,41.18,70.01020061203673
T G Keenan,1,1,0,0,52.63,47.37,90.00570017100512
T G Monk,1,1,0,0,51.28,48.72,95.00780031201248
T G Potter,1,1,0,0,71.43,28.57,39.997200055998874
T J Griffiths,1,1,0,0,54.05,45.95,85.01387604070307
T L Ainsworth,4,1,0,0,253.57,-153.57,-60.56315810229916
T M Neaves,2,1,0,0,138.10000000000002,-38.1,-27.588703837798693
T M Pay,1,1,0,0,62.5,37.5,60.0
T P Franklin,1,1,0,0,76.92,23.08,30.00520020800832
Terry Young,2,1,0,0,116.55,-16.549999999999997,-14.199914199914199
Tim Bolitho,2,1,0,0,110.1,-10.100000000000001,-9.173478655767486
Tony Giglietta,1,1,0,0,57.14,42.86,75.00875043752188
Tony Hynam,1,1,0,0,62.5,37.5,60.0
Tony Peacock,1,1,0,0,52.63,47.37,90.00570017100512
Tony Turner,1,1,0,0,68.97,31.03,44.99057561258518
V P Mahar,1,1,0,0,83.33,16.67,20.004800192007682
W A Dummett,1,1,0,0,64.52,35.48,54.99070055796652
W D Anderson,5,1,0,0,309.25,-209.25,-67.66370250606305
W G Andrews,1,1,0,0,78.12,21.88,28.00819252432155
W J Stebbing,1,1,0,0,60.61,39.39,64.98927569707969
W J Targett,1,1,0,0,55.56,44.44,79.98560115190784
W P Morrison,1,1,0,0,52.63,47.37,90.00570017100512
Wayne Gretgrix,1,1,0,0,58.82,41.18,70.01020061203673
Wayne Pearson,1,1,0,0,66.67,33.33,49.99250037498125
Wendy Boyd,1,1,0,0,64.52,35.48,54.99070055796652
Will Polidano,1,1,0,0,66.67,33.33,49.99250037498125
C B McKinnis,6,0,4,1,382.20000000000005,-382.20000000000005,-100.0
D Turton,4,0,4,0,248.2,-248.2,-100.0
J L Forrest,3,0,3,0,215.0,-215.0,-100.0
R K Harkness,3,0,3,0,179.91000000000003,-179.91000000000003,-100.0
Chris Willis,4,0,2,2,244.21,-244.21,-100.0
Chris Neilson,4,0,2,1,227.62,-227.62,-100.0
D C Abrahams,3,0,2,1,184.42000000000002,-184.42000000000002,-100.0
G E Clout,4,0,2,1,236.01,-236.01,-100.0
A E Cargill,2,0,2,0,114.38,-114.38,-100.0
A G Cain,2,0,2,0,108.42,-108.42,-100.0
C G MacDonald,3,0,2,0,169.34,-169.34,-100.0
D G R Malone,2,0,2,0,138.89,-138.89,-100.0
D Zammit,2,0,2,0,142.5,-142.5,-100.0
Graham Moon,2,0,2,0,112.87,-112.87,-100.0
J Costa,2,0,2,0,120.25,-120.25,-100.0
K L Xuereb,2,0,2,0,130.97,-130.97,-100.0
N T Rothwell,2,0,2,0,113.78,-113.78,-100.0
P W Strachan,2,0,2,0,118.57,-118.57,-100.0
Polly Downing,2,0,2,0,132.17000000000002,-132.17000000000002,-100.0
R F Nafranec,2,0,2,0,105.33,-105.33,-100.0
R J Dixon,2,0,2,0,125.49000000000001,-125.49000000000001,-100.0
Russell Commens,6,0,2,0,355.26,-355.26,-100.0
T G Powter,6,0,2,0,341.77000000000004,-341.77000000000004,-100.0
Tony Herlihy,2,0,2,0,151.48,-151.48,-100.0
V J Fisher,3,0,2,0,207.24,-207.24,-100.0
M L Russo,6,0,1,3,368.09999999999997,-368.09999999999997,-100.0
F Barac,3,0,1,2,180.95,-180.95,-100.0
D R Miller,2,0,1,1,108.42,-108.42,-100.0
J D Betts,3,0,1,1,206.26,-206.26,-100.0
J L Henman,2,0,1,1,119.64,-119.64,-100.0
J R Hallam,3,0,1,1,165.33,-165.33,-100.0
Mario Condipodero,2,0,1,1,108.1,-108.1,-100.0
R J Richards,2,0,1,1,132.48000000000002,-132.48000000000002,-100.0
Shane Gallagher,3,0,1,1,159.47,-159.47,-100.0
Steve Martin,2,0,1,1,119.64,-119.64,-100.0
Terry Frost,4,0,1,1,245.87,-245.87,-100.0
A Cefai,1,0,1,0,52.63,-52.63,-100.0
A Giglietta,2,0,1,0,124.81,-124.81,-100.0
A J Robinson,1,0,1,0,57.14,-57.14,-100.0
A J Sullivan,2,0,1,0,108.19,-108.19,-100.0
A M Donohoe,1,0,1,0,51.28,-51.28,-100.0
A S Ratnasingham,1,0,1,0,62.5,-62.5,-100.0
A W Schembri,1,0,1,0,55.56,-55.56,-100.0
Alan Martin,1,0,1,0,55.56,-55.56,-100.0
Arna Donnelly,1,0,1,0,78.12,-78.12,-100.0
B A Crossland,1,0,1,0,62.5,-62.5,-100.0
B D Weidenbach,1,0,1,0,55.56,-55.56,-100.0
B J Beasley,1,0,1,0,74.07,-74.07,-100.0
B J Healey,2,0,1,0,108.19,-108.19,-100.0
B J Hunt,1,0,1,0,60.61,-60.61,-100.0
B L Pell,3,0,1,0,179.39999999999998,-179.39999999999998,-100.0
"B Purdon, S D T Phelan",1,0,1,0,52.63,-52.63,-100.0
B R Flaherty,1,0,1,0,64.52,-64.52,-100.0
B R McCall,1,0,1,0,64.52,-64.52,-100.0
B S Millard,2,0,1,0,128.12,-128.12,-100.0
Brad Aylett,1,0,1,0,64.52,-64.52,-100.0
Brendon Gardiner,1,0,1,0,52.63,-52.63,-100.0
C G Duncan,1,0,1,0,52.63,-52.63,-100.0
C Romanidis,2,0,1,0,125.0,-125.0,-100.0
D J Cole,1,0,1,0,55.56,-55.56,-100.0
D M Anforth,1,0,1,0,68.97,-68.97,-100.0
D T Pyburne,1,0,1,0,57.14,-57.14,-100.0
David Caffyn,1,0,1,0,62.5,-62.5,-100.0
Dennis Lindsay,1,0,1,0,51.28,-51.28,-100.0
E R Harris,1,0,1,0,79.37,-79.37,-100.0
Estate of Norman John McVitty,1,0,1,0,64.52,-64.52,-100.0
G D Paganoni,1,0,1,0,57.14,-57.14,-100.0
G J Hargraves,2,0,1,0,154.76,-154.76,-100.0
G P Cooper,1,0,1,0,64.52,-64.52,-100.0
Glen Powell,1,0,1,0,71.43,-71.43,-100.0
Glenn Douglas,2,0,1,0,108.19,-108.19,-100.0
Gregory Campbell,1,0,1,0,71.43,-71.43,-100.0
I S Edmunds,1,0,1,0,51.28,-51.28,-100.0
J Ellis,1,0,1,0,79.37,-79.37,-100.0
J M Murray,1,0,1,0,51.28,-51.28,-100.0
J P Carroll,1,0,1,0,57.14,-57.14,-100.0
J R Fagg,2,0,1,0,113.78,-113.78,-100.0
J T Campbell,3,0,1,0,190.19,-190.19,-100.0
Jacob Wallace,1,0,1,0,52.63,-52.63,-100.0
Jennifer Lewis,1,0,1,0,52.63,-52.63,-100.0
Joe Borg,1,0,1,0,55.56,-55.56,-100.0
K F Kenna,1,0,1,0,76.92,-76.92,-100.0
K L Howlett,1,0,1,0,51.28,-51.28,-100.0
K M Taylor,1,0,1,0,55.56,-55.56,-100.0
K R Dihm,1,0,1,0,57.14,-57.14,-100.0
K S Neal,1,0,1,0,71.43,-71.43,-100.0
Ken Belford,1,0,1,0,52.63,-52.63,-100.0
L A Collins,1,0,1,0,54.05,-54.05,-100.0
L Formosa,1,0,1,0,64.52,-64.52,-100.0
Laurie Wills,1,0,1,0,54.05,-54.05,-100.0
M Callus,1,0,1,0,55.56,-55.56,-100.0
M E Kulcsar,1,0,1,0,55.56,-55.56,-100.0
M J Buckingham,1,0,1,0,76.92,-76.92,-100.0
M L Hingston,1,0,1,0,51.28,-51.28,-100.0
M P Grima,1,0,1,0,64.52,-64.52,-100.0
M V Lennox,2,0,1,0,121.66,-121.66,-100.0
Max Towns,1,0,1,0,54.05,-54.05,-100.0
N A Edwards,3,0,1,0,197.88,-197.88,-100.0
N J Leonard,1,0,1,0,66.67,-66.67,-100.0
N Maxwell,1,0,1,0,51.28,-51.28,-100.0
P J Males,1,0,1,0,52.63,-52.63,-100.0
P R Gavin,1,0,1,0,52.63,-52.63,-100.0
Pete McMullen,1,0,1,0,86.96,-86.96,-100.0
Peter Lane,1,0,1,0,55.56,-55.56,-100.0
R A Cernovskis,1,0,1,0,55.56,-55.56,-100.0
R A Fiscalini,1,0,1,0,55.56,-55.56,-100.0
R C Murray,1,0,1,0,60.61,-60.61,-100.0
R D Conti,1,0,1,0,57.14,-57.14,-100.0
R F Reynolds,1,0,1,0,54.05,-54.05,-100.0
Ray Mathews,1,0,1,0,66.67,-66.67,-100.0
Richie Caruana,1,0,1,0,71.43,-71.43,-100.0
Rob Gorman,1,0,1,0,55.56,-55.56,-100.0
Rowen Langridge,1,0,1,0,71.43,-71.43,-100.0
T M McNamara,3,0,1,0,173.69,-173.69,-100.0
T P Wright,2,0,1,0,111.45,-111.45,-100.0
Tim O'Brien,1,0,1,0,71.43,-71.43,-100.0
W Hayes,1,0,1,0,71.43,-71.43,-100.0
Zeke Slater,1,0,1,0,51.28,-51.28,-100.0
D J Pace,3,0,0,2,191.82,-191.82,-100.0
S H Rushbrook,2,0,0,2,113.78,-113.78,-100.0
A N Varga,1,0,0,1,60.61,-60.61,-100.0
Anthony Butt,1,0,0,1,55.56,-55.56,-100.0
B R Jewell,1,0,0,1,55.56,-55.56,-100.0
B R Quigley,1,0,0,1,74.07,-74.07,-100.0
Ben Aubron,2,0,0,1,126.69999999999999,-126.69999999999999,-100.0
C A Drury,1,0,0,1,57.14,-57.14,-100.0
C M Sutherland,1,0,0,1,55.56,-55.56,-100.0
C R Henderson,2,0,0,1,121.6,-121.6,-100.0
C W Holloway,1,0,0,1,52.63,-52.63,-100.0
D C Chandler,2,0,0,1,112.7,-112.7,-100.0
D P McKenzie,2,0,0,1,108.1,-108.1,-100.0
Donald Pimm,1,0,0,1,66.67,-66.67,-100.0
Estate of Edwin Alexander Dewar,1,0,0,1,81.97,-81.97,-100.0
Estate of John Gilbert Colling,1,0,0,1,57.14,-57.14,-100.0
F L Carbone,1,0,0,1,54.05,-54.05,-100.0
Frank Vanmaris,1,0,0,1,51.28,-51.28,-100.0
G Howard,3,0,0,1,168.26,-168.26,-100.0
G J Harpley,1,0,0,1,66.67,-66.67,-100.0
G L Lewis,2,0,0,1,109.77000000000001,-109.77000000000001,-100.0
G Pay,2,0,0,1,111.19,-111.19,-100.0
Gerard Osborn,1,0,0,1,54.05,-54.05,-100.0
Ian Montgomery,1,0,0,1,68.97,-68.97,-100.0
J A Betts,1,0,0,1,58.82,-58.82,-100.0
J A Dean,1,0,0,1,52.63,-52.63,-100.0
J A Topping,2,0,0,1,112.7,-112.7,-100.0
J E Jobe,1,0,0,1,51.28,-51.28,-100.0
J F Gilbertson,1,0,0,1,60.61,-60.61,-100.0
J J Camilleri,1,0,0,1,64.52,-64.52,-100.0
J R Turner,3,0,0,1,167.24,-167.24,-100.0
J Tabone,1,0,0,1,55.56,-55.56,-100.0
Jaimie-Lee King,1,0,0,1,57.14,-57.14,-100.0
Jenny Johnson,1,0,0,1,51.28,-51.28,-100.0
M B Lichtwark,1,0,0,1,54.05,-54.05,-100.0
M B Towers,2,0,0,1,121.32,-121.32,-100.0
M J Beasley,1,0,0,1,51.28,-51.28,-100.0
M Zerafa,1,0,0,1,58.82,-58.82,-100.0
Marty Miles,1,0,0,1,74.07,-74.07,-100.0
N R Beale,1,0,0,1,60.61,-60.61,-100.0
P A McVeigh,1,0,0,1,52.63,-52.63,-100.0
P J Miller,1,0,0,1,58.82,-58.82,-100.0
P L Dennis,2,0,0,1,112.7,-112.7,-100.0
P R Williams,1,0,0,1,78.12,-78.12,-100.0
R N Kuchenmeister,1,0,0,1,60.61,-60.61,-100.0
R W Olsen,2,0,0,1,103.91,-103.91,-100.0
S A Harmey,2,0,0,1,105.26,-105.26,-100.0
S Bigeni,1,0,0,1,54.05,-54.05,-100.0
T P Romeo,1,0,0,1,55.56,-55.56,-100.0
A G Hurley,1,0,0,0,51.28,-51.28,-100.0
A J Clarke,1,0,0,0,76.92,-76.92,-100.0
A J Dean,1,0,0,0,60.61,-60.61,-100.0
A W Rudd,1,0,0,0,71.43,-71.43,-100.0
Amy Rees,1,0,0,0,71.43,-71.43,-100.0
B Bonavia,1,0,0,0,68.97,-68.97,-100.0
B K Smith,1,0,0,0,60.61,-60.61,-100.0
B W Richardson,1,0,0,0,52.63,-52.63,-100.0
Ben Settree,1,0,0,0,51.28,-51.28,-100.0
Bob Fyfe,1,0,0,0,68.97,-68.97,-100.0
Brian Duthie,1,0,0,0,52.63,-52.63,-100.0
C A Jamieson,1,0,0,0,64.52,-64.52,-100.0
C J O'Brien,1,0,0,0,52.63,-52.63,-100.0
C L Leijen,1,0,0,0,51.28,-51.28,-100.0
C M Dawson,1,0,0,0,57.14,-57.14,-100.0
Colin March,1,0,0,0,58.82,-58.82,-100.0
D A Prosser,1,0,0,0,68.97,-68.97,-100.0
D G Picker,1,0,0,0,75.19,-75.19,-100.0
D G Rusten,1,0,0,0,0.0,0.0,0.0
D J Farrugia,1,0,0,0,51.28,-51.28,-100.0
D J Stewart,1,0,0,0,68.97,-68.97,-100.0
Danny Simpson,1,0,0,0,58.82,-58.82,-100.0
Drew Georgeallis,1,0,0,0,52.63,-52.63,-100.0
Estate of Gary Kevin Punch,1,0,0,0,52.63,-52.63,-100.0
F G McKenner,1,0,0,0,55.56,-55.56,-100.0
G J Hammond,1,0,0,0,52.63,-52.63,-100.0
G L Carr,1,0,0,0,54.05,-54.05,-100.0
G L Lawson,2,0,0,0,117.75,-117.75,-100.0
G M Johnson,1,0,0,0,57.14,-57.14,-100.0
Gabrielle Symons,1,0,0,0,51.28,-51.28,-100.0
George Smith,1,0,0,0,57.14,-57.14,-100.0
Glen Davies,1,0,0,0,52.63,-52.63,-100.0
J A Field,1,0,0,0,60.61,-60.61,-100.0
J C Hackett,1,0,0,0,55.56,-55.56,-100.0
J Carabott,1,0,0,0,54.05,-54.05,-100.0
J J Bond,1,0,0,0,54.05,-54.05,-100.0
J O'Sullivan,1,0,0,0,58.82,-58.82,-100.0
J R Bates,1,0,0,0,52.63,-52.63,-100.0
Jack Brown,1,0,0,0,58.82,-58.82,-100.0
John Gatt,1,0,0,0,51.28,-51.28,-100.0
K L Jenner,1,0,0,0,84.75,-84.75,-100.0
K M Crouch,1,0,0,0,55.56,-55.56,-100.0
K Pratten,1,0,0,0,0.0,0.0,0.0
Ken Browne,1,0,0,0,60.61,-60.61,-100.0
Kerry Wellington,1,0,0,0,71.43,-71.43,-100.0
L F Hardy,1,0,0,0,60.61,-60.61,-100.0
L G Sweet,1,0,0,0,54.05,-54.05,-100.0
L J Hansen,1,0,0,0,54.05,-54.05,-100.0
L J Hooper,1,0,0,0,57.14,-57.14,-100.0
Lynn Paton,1,0,0,0,52.63,-52.63,-100.0
M B Cox,1,0,0,0,62.5,-62.5,-100.0
M L Whitehead,1,0,0,0,62.5,-62.5,-100.0
M M Maine,1,0,0,0,58.82,-58.82,-100.0
M T Wicks,1,0,0,0,54.05,-54.05,-100.0
Merv Hieronymus,1,0,0,0,57.14,-57.14,-100.0
N S Xuereb,1,0,0,0,54.05,-54.05,-100.0
O M Weidenbach,2,0,0,0,108.19,-108.19,-100.0
P A Morgan,1,0,0,0,52.63,-52.63,-100.0
P J McFarlane,1,0,0,0,62.5,-62.5,-100.0
P J Tonkin,1,0,0,0,66.67,-66.67,-100.0
P J Westbury,2,0,0,0,106.68,-106.68,-100.0
P Jakowenko,1,0,0,0,55.56,-55.56,-100.0
P M Jones,2,0,0,0,119.43,-119.43,-100.0
P M Wood,1,0,0,0,51.28,-51.28,-100.0
P W Taylor,1,0,0,0,58.82,-58.82,-100.0
Phillip Houston,1,0,0,0,58.82,-58.82,-100.0
R A Clancy,1,0,0,0,60.61,-60.61,-100.0
R J Hosking,1,0,0,0,64.52,-64.52,-100.0
R O Bell,1,0,0,0,66.67,-66.67,-100.0
R W Petroff,3,0,0,0,187.24,-187.24,-100.0
Rhys Nicholson,1,0,0,0,52.63,-52.63,-100.0
S A Freeman,1,0,0,0,54.05,-54.05,-100.0
S C Barker,1,0,0,0,52.63,-52.63,-100.0
S D Taylor,2,0,0,0,111.45,-111.45,-100.0
S G Pringle,1,0,0,0,54.05,-54.05,-100.0
"S G Telfer, A L Telfer",1,0,0,0,55.56,-55.56,-100.0
S M Arvidsson,1,0,0,0,51.28,-51.28,-100.0
Shane McPherson,1,0,0,0,62.5,-62.5,-100.0
Shelley Evans,1,0,0,0,55.56,-55.56,-100.0
T J Doherty,1,0,0,0,55.56,-55.56,-100.0
T J Rutland,1,0,0,0,60.61,-60.61,-100.0
Teresa Neilson,1,0,0,0,57.14,-57.14,-100.0
Tony Calabria,2,0,0,0,138.10000000000002,-138.10000000000002,-100.0
Troy Fletcher,1,0,0,0,60.61,-60.61,-100.0
W A Lear,1,0,0,0,52.63,-52.63,-100.0
W P Kitt,1,0,0,0,58.82,-58.82,-100.0
Wes Shellie,1,0,0,0,66.67,-66.67,-100.0
